workout_id,station,category,stimulus,source_prescription,reason,partial_parse,block_shape,estimated_minutes,AUTHOR_block_type,AUTHOR_rounds,AUTHOR_duration_minutes,AUTHOR_rest_seconds,AUTHOR_estimated_minutes,AUTHOR_items_exercise_qty_unit_type
mx_skierg_technique,SkiErg,Technique,skill_economy,6 x 2 min technique @ easy-moderate,estimated_minutes is absent and not derivable — the prescription states no duration,b1:SkiErg 2min(duration),rounds rounds=6 dur=- rest=-,,,,,,,
mx_skierg_strength_power,SkiErg,Strength-Power,force_power_reserve,10 x 20 hard strokes / 70s easy,estimated_minutes is absent and not derivable — the prescription states no duration,b1:SkiErg 20reps(reps),rounds rounds=10 dur=- rest=70,,,,,,,
mx_skierg_threshold,SkiErg,Threshold,sustainable_high_output,6 x 500m RPE 7 / 90s easy,estimated_minutes is absent and not derivable — the prescription states no duration,b1:SkiErg 500m(distance),rounds rounds=6 dur=- rest=90,,,,,,,
mx_skierg_race_specific,SkiErg,Race Specific,race_pacing,4 x 1000m controlled / 2m easy,estimated_minutes is absent and not derivable — the prescription states no duration,b1:SkiErg 1000m(distance),rounds rounds=4 dur=- rest=120,,,,,,,
mx_skierg_compromised,SkiErg,Compromised,compromised_station_work,4r: 800m run + 750m Ski,estimated_minutes is absent and not derivable — the prescription states no duration,b1:Run 800m(distance) + b1:SkiErg 750m(distance),rounds rounds=4 dur=- rest=-,,,,,,,
mx_skierg_benchmark,SkiErg,Benchmark,repeatable_test,1000m time trial,estimated_minutes is absent and not derivable — the prescription states no duration,b1:SkiErg 1000m(distance),continuous rounds=- dur=- rest=-,,,,,,,
mx_skierg_hybrid_a,SkiErg,Hybrid A,complementary_hybrid,5r: 500m Ski + 500m Row,estimated_minutes is absent and not derivable — the prescription states no duration,b1:SkiErg 500m(distance) + b1:RowErg 500m(distance),rounds rounds=5 dur=- rest=-,,,,,,,
mx_skierg_hybrid_b,SkiErg,Hybrid B,run_station_hybrid,4r: 600m run + 400m Ski + 12 wall balls,estimated_minutes is absent and not derivable — the prescription states no duration,b1:Run 600m(distance) + b1:SkiErg 400m(distance) + b1:Wall Ball 12reps(reps),rounds rounds=4 dur=- rest=-,,,,,,,
mx_skierg_durability,SkiErg,Durability,repeated_submax_durability,5 x 1000m RPE 5-6 / 90s easy,estimated_minutes is absent and not derivable — the prescription states no duration,b1:SkiErg 1000m(distance),rounds rounds=5 dur=- rest=90,,,,,,,
mx_sled_push_technique,Sled Push,Technique,skill_economy,"8 x 20ft @ 50-60% race load, technique",estimated_minutes is absent and not derivable — the prescription states no duration,b1:Sled Push 20ft(distance),rounds rounds=8 dur=- rest=-,,,,,,,
mx_sled_push_base,Sled Push,Base,aerobic_local_durability,10 x 20ft @ 60-70%,estimated_minutes is absent and not derivable — the prescription states no duration,b1:Sled Push 20ft(distance),rounds rounds=10 dur=- rest=-,,,,,,,
mx_sled_push_strength_power,Sled Push,Strength-Power,force_power_reserve,"8 x 20ft @ 90-110%, full recovery",estimated_minutes is absent and not derivable — the prescription states no duration,b1:Sled Push 20ft(distance),rounds rounds=8 dur=- rest=-,,,,,,,
mx_sled_push_threshold,Sled Push,Threshold,sustainable_high_output,6r: 40ft @ 75-85% + 60s easy bike,estimated_minutes is absent and not derivable — the prescription states no duration,b1:Sled Push 40ft(distance) + b1:Spin Bike 60s(duration),rounds rounds=6 dur=- rest=-,,,,,,,
mx_sled_push_race_specific,Sled Push,Race Specific,race_pacing,5 x 40ft @ race load,estimated_minutes is absent and not derivable — the prescription states no duration,b1:Sled Push 40ft(distance),rounds rounds=5 dur=- rest=-,,,,,,,
mx_sled_push_compromised,Sled Push,Compromised,compromised_station_work,4r: 600m run + 40ft @ race load,estimated_minutes is absent and not derivable — the prescription states no duration,b1:Run 600m(distance) + b1:Sled Push 40ft(distance),rounds rounds=4 dur=- rest=-,,,,,,,
mx_sled_push_benchmark,Sled Push,Benchmark,repeatable_test,50m @ race load time trial,estimated_minutes is absent and not derivable — the prescription states no duration,b1:Sled Push 50m(distance),continuous rounds=- dur=- rest=-,,,,,,,
mx_sled_push_micro,Sled Push,Micro,minimum_effective_dose,10m: 20ft @ 70% every minute,"unrecognised movement in ""20ft @ 70% every minute""",,,,,,,,,
mx_sled_push_hybrid_a,Sled Push,Hybrid A,complementary_hybrid,5r: 40ft push + 300m Row,estimated_minutes is absent and not derivable — the prescription states no duration,b1:Sled Push 40ft(distance) + b1:RowErg 300m(distance),rounds rounds=5 dur=- rest=-,,,,,,,
mx_sled_push_hybrid_b,Sled Push,Hybrid B,run_station_hybrid,4r: 400m run + 40ft push + 20 lunges,estimated_minutes is absent and not derivable — the prescription states no duration,b1:Run 400m(distance) + b1:Sled Push 40ft(distance) + b1:Sandbag Walking Lunge 20reps(reps),rounds rounds=4 dur=- rest=-,,,,,,,
mx_sled_push_durability,Sled Push,Durability,repeated_submax_durability,10 x 40ft @ 65-75% / 45s,estimated_minutes is absent and not derivable — the prescription states no duration,b1:Sled Push 40ft(distance),rounds rounds=10 dur=- rest=45,,,,,,,
mx_sled_pull_technique,Sled Pull,Technique,skill_economy,"8 x 20ft @ 50-60%, rope/rhythm technique","unrecognised movement in ""20ft @ 50-60%, rope""",,,,,,,,,
mx_sled_pull_base,Sled Pull,Base,aerobic_local_durability,10 x 20ft @ 60-70%,estimated_minutes is absent and not derivable — the prescription states no duration,b1:Sled Pull 20ft(distance),rounds rounds=10 dur=- rest=-,,,,,,,
mx_sled_pull_strength_power,Sled Pull,Strength-Power,force_power_reserve,"8 x 20ft @ 90-110%, full recovery",estimated_minutes is absent and not derivable — the prescription states no duration,b1:Sled Pull 20ft(distance),rounds rounds=8 dur=- rest=-,,,,,,,
mx_sled_pull_threshold,Sled Pull,Threshold,sustainable_high_output,6r: 40ft @ 75-85% + 60s easy bike,estimated_minutes is absent and not derivable — the prescription states no duration,b1:Sled Pull 40ft(distance) + b1:Spin Bike 60s(duration),rounds rounds=6 dur=- rest=-,,,,,,,
mx_sled_pull_race_specific,Sled Pull,Race Specific,race_pacing,5 x 40ft @ race load,estimated_minutes is absent and not derivable — the prescription states no duration,b1:Sled Pull 40ft(distance),rounds rounds=5 dur=- rest=-,,,,,,,
mx_sled_pull_compromised,Sled Pull,Compromised,compromised_station_work,4r: 600m run + 40ft @ race load,estimated_minutes is absent and not derivable — the prescription states no duration,b1:Run 600m(distance) + b1:Sled Pull 40ft(distance),rounds rounds=4 dur=- rest=-,,,,,,,
mx_sled_pull_benchmark,Sled Pull,Benchmark,repeatable_test,50m @ race load time trial,estimated_minutes is absent and not derivable — the prescription states no duration,b1:Sled Pull 50m(distance),continuous rounds=- dur=- rest=-,,,,,,,
mx_sled_pull_micro,Sled Pull,Micro,minimum_effective_dose,10m: 20ft @ 70% every minute,"unrecognised movement in ""20ft @ 70% every minute""",,,,,,,,,
mx_sled_pull_hybrid_a,Sled Pull,Hybrid A,complementary_hybrid,5r: 40ft pull + 300m Ski,estimated_minutes is absent and not derivable — the prescription states no duration,b1:Sled Pull 40ft(distance) + b1:SkiErg 300m(distance),rounds rounds=5 dur=- rest=-,,,,,,,
mx_sled_pull_hybrid_b,Sled Pull,Hybrid B,run_station_hybrid,4r: 400m run + 40ft pull + 80ft carry,estimated_minutes is absent and not derivable — the prescription states no duration,b1:Run 400m(distance) + b1:Sled Pull 40ft(distance) + b1:Farmer Carry 80ft(distance),rounds rounds=4 dur=- rest=-,,,,,,,
mx_sled_pull_density,Sled Pull,Density,work_density,15m: 40ft pull / 10 TRX rows / easy,"unrecognised movement in ""10 TRX rows""",,,,,,,,,
mx_sled_pull_durability,Sled Pull,Durability,repeated_submax_durability,10 x 40ft @ 65-75% / 45s,estimated_minutes is absent and not derivable — the prescription states no duration,b1:Sled Pull 40ft(distance),rounds rounds=10 dur=- rest=45,,,,,,,
mx_burpee_broad_jump_technique,Burpee Broad Jump,Technique,skill_economy,8 x 5 easy technique reps,estimated_minutes is absent and not derivable — the prescription states no duration,b1:Burpee Broad Jump 5reps(reps),rounds rounds=8 dur=- rest=-,,,,,,,
mx_burpee_broad_jump_base,Burpee Broad Jump,Base,aerobic_local_durability,10r: 6 reps + 45s walk,estimated_minutes is absent and not derivable — the prescription states no duration,b1:Burpee Broad Jump 6reps(reps) + b1:Incline Walk 45s(duration),rounds rounds=10 dur=- rest=-,,,,,,,
mx_burpee_broad_jump_strength_power,Burpee Broad Jump,Strength-Power,force_power_reserve,6r: 5 explosive broad jumps + 5 controlled burpees,estimated_minutes is absent and not derivable — the prescription states no duration,b1:Burpee Broad Jump 5reps(reps) + b1:Burpee Broad Jump 5reps(reps),rounds rounds=6 dur=- rest=-,,,,,,,
mx_burpee_broad_jump_threshold,Burpee Broad Jump,Threshold,sustainable_high_output,6 x 10 reps RPE 7 / 60s,estimated_minutes is absent and not derivable — the prescription states no duration,b1:Burpee Broad Jump 10reps(reps),rounds rounds=6 dur=- rest=60,,,,,,,
mx_burpee_broad_jump_race_specific,Burpee Broad Jump,Race Specific,race_pacing,4 x 20m race rhythm / 90s,estimated_minutes is absent and not derivable — the prescription states no duration,b1:Burpee Broad Jump 20m(distance),rounds rounds=4 dur=- rest=90,,,,,,,
mx_burpee_broad_jump_compromised,Burpee Broad Jump,Compromised,compromised_station_work,4r: 600m run + 15m BBJ,estimated_minutes is absent and not derivable — the prescription states no duration,b1:Run 600m(distance) + b1:Burpee Broad Jump 15m(distance),rounds rounds=4 dur=- rest=-,,,,,,,
mx_burpee_broad_jump_benchmark,Burpee Broad Jump,Benchmark,repeatable_test,80m benchmark,estimated_minutes is absent and not derivable — the prescription states no duration,b1:Burpee Broad Jump 80m(distance),continuous rounds=- dur=- rest=-,,,,,,,
mx_burpee_broad_jump_micro,Burpee Broad Jump,Micro,minimum_effective_dose,12m: 5 BBJ + 200m easy run/walk,"no quantity in ""walk""",,,,,,,,,
mx_burpee_broad_jump_hybrid_a,Burpee Broad Jump,Hybrid A,complementary_hybrid,5r: 8 BBJ + 300m Row,estimated_minutes is absent and not derivable — the prescription states no duration,b1:Burpee Broad Jump 8reps(reps) + b1:RowErg 300m(distance),rounds rounds=5 dur=- rest=-,,,,,,,
mx_burpee_broad_jump_hybrid_b,Burpee Broad Jump,Hybrid B,run_station_hybrid,4r: 400m run + 8 BBJ + 10 WB,estimated_minutes is absent and not derivable — the prescription states no duration,b1:Run 400m(distance) + b1:Burpee Broad Jump 8reps(reps) + b1:Wall Ball 10reps(reps),rounds rounds=4 dur=- rest=-,,,,,,,
mx_burpee_broad_jump_durability,Burpee Broad Jump,Durability,repeated_submax_durability,5 x 20m RPE 5-6 / 60s,estimated_minutes is absent and not derivable — the prescription states no duration,b1:Burpee Broad Jump 20m(distance),rounds rounds=5 dur=- rest=60,,,,,,,
mx_rowerg_strength_power,RowErg,Strength-Power,force_power_reserve,10 x 250m RPE 7 / 45s,estimated_minutes is absent and not derivable — the prescription states no duration,b1:RowErg 250m(distance),rounds rounds=10 dur=- rest=45,,,,,,,
mx_rowerg_threshold,RowErg,Threshold,sustainable_high_output,8 x 500m RPE 7 / 90s,estimated_minutes is absent and not derivable — the prescription states no duration,b1:RowErg 500m(distance),rounds rounds=8 dur=- rest=90,,,,,,,
mx_rowerg_race_specific,RowErg,Race Specific,race_pacing,5 x 1000m RPE 6-7 / 2m,estimated_minutes is absent and not derivable — the prescription states no duration,b1:RowErg 1000m(distance),rounds rounds=5 dur=- rest=120,,,,,,,
mx_rowerg_compromised,RowErg,Compromised,compromised_station_work,4r: 800m run + 750m Row,estimated_minutes is absent and not derivable — the prescription states no duration,b1:Run 800m(distance) + b1:RowErg 750m(distance),rounds rounds=4 dur=- rest=-,,,,,,,
mx_rowerg_benchmark,RowErg,Benchmark,repeatable_test,1000m time trial,estimated_minutes is absent and not derivable — the prescription states no duration,b1:RowErg 1000m(distance),continuous rounds=- dur=- rest=-,,,,,,,
mx_rowerg_hybrid_a,RowErg,Hybrid A,complementary_hybrid,5r: 500m Row + 100ft carry,estimated_minutes is absent and not derivable — the prescription states no duration,b1:RowErg 500m(distance) + b1:Farmer Carry 100ft(distance),rounds rounds=5 dur=- rest=-,,,,,,,
mx_rowerg_hybrid_b,RowErg,Hybrid B,run_station_hybrid,4r: 600m run + 500m Row + 15 WB,estimated_minutes is absent and not derivable — the prescription states no duration,b1:Run 600m(distance) + b1:RowErg 500m(distance) + b1:Wall Ball 15reps(reps),rounds rounds=4 dur=- rest=-,,,,,,,
mx_rowerg_durability,RowErg,Durability,repeated_submax_durability,5 x 1000m RPE 5-6 / 90s,estimated_minutes is absent and not derivable — the prescription states no duration,b1:RowErg 1000m(distance),rounds rounds=5 dur=- rest=90,,,,,,,
mx_farmer_carry_technique,Farmer Carry,Technique,skill_economy,"8 x 40m @ 50-60%, posture/turns","unrecognised movement in ""40m @ 50-60%, posture""",,,,,,,,,
mx_farmer_carry_base,Farmer Carry,Base,aerobic_local_durability,6 x 100m @ 60-70%,estimated_minutes is absent and not derivable — the prescription states no duration,b1:Farmer Carry 100m(distance),rounds rounds=6 dur=- rest=-,,,,,,,
mx_farmer_carry_strength_power,Farmer Carry,Strength-Power,force_power_reserve,8 x 40m @ 110-130% / 90s,estimated_minutes is absent and not derivable — the prescription states no duration,b1:Farmer Carry 40m(distance),rounds rounds=8 dur=- rest=90,,,,,,,
mx_farmer_carry_threshold,Farmer Carry,Threshold,sustainable_high_output,5 x 100m @ 80-90% / 60s,estimated_minutes is absent and not derivable — the prescription states no duration,b1:Farmer Carry 100m(distance),rounds rounds=5 dur=- rest=60,,,,,,,
mx_farmer_carry_race_specific,Farmer Carry,Race Specific,race_pacing,3 x 200m @ race load / 2m,estimated_minutes is absent and not derivable — the prescription states no duration,b1:Farmer Carry 200m(distance),rounds rounds=3 dur=- rest=120,,,,,,,
mx_farmer_carry_compromised,Farmer Carry,Compromised,compromised_station_work,4r: 600m run + 100m race load,estimated_minutes is absent and not derivable — the prescription states no duration,b1:Run 600m(distance) + b1:Farmer Carry 100m(distance),rounds rounds=4 dur=- rest=-,,,,,,,
mx_farmer_carry_benchmark,Farmer Carry,Benchmark,repeatable_test,200m benchmark @ race load,estimated_minutes is absent and not derivable — the prescription states no duration,b1:Farmer Carry 200m(distance),continuous rounds=- dur=- rest=-,,,,,,,
mx_farmer_carry_hybrid_a,Farmer Carry,Hybrid A,complementary_hybrid,5r: 100m carry + 500m Row,estimated_minutes is absent and not derivable — the prescription states no duration,b1:Farmer Carry 100m(distance) + b1:RowErg 500m(distance),rounds rounds=5 dur=- rest=-,,,,,,,
mx_farmer_carry_hybrid_b,Farmer Carry,Hybrid B,run_station_hybrid,4r: 400m run + 80m carry + 12 lunges,estimated_minutes is absent and not derivable — the prescription states no duration,b1:Run 400m(distance) + b1:Farmer Carry 80m(distance) + b1:Sandbag Walking Lunge 12reps(reps),rounds rounds=4 dur=- rest=-,,,,,,,
mx_farmer_carry_durability,Farmer Carry,Durability,repeated_submax_durability,4 x 250m @ 70-80% / 90s,estimated_minutes is absent and not derivable — the prescription states no duration,b1:Farmer Carry 250m(distance),rounds rounds=4 dur=- rest=90,,,,,,,
mx_sandbag_lunge_technique,Sandbag Lunge,Technique,skill_economy,6 x 20 steps light technique,estimated_minutes is absent and not derivable — the prescription states no duration,b1:Sandbag Walking Lunge 20steps(reps),rounds rounds=6 dur=- rest=-,,,,,,,
mx_sandbag_lunge_base,Sandbag Lunge,Base,aerobic_local_durability,5 x 40 steps @ 50-60%,estimated_minutes is absent and not derivable — the prescription states no duration,b1:Sandbag Walking Lunge 40steps(reps),rounds rounds=5 dur=- rest=-,,,,,,,
mx_sandbag_lunge_strength_power,Sandbag Lunge,Strength-Power,force_power_reserve,6 x 20 steps @ 100-120% / 90s,estimated_minutes is absent and not derivable — the prescription states no duration,b1:Sandbag Walking Lunge 20steps(reps),rounds rounds=6 dur=- rest=90,,,,,,,
mx_sandbag_lunge_threshold,Sandbag Lunge,Threshold,sustainable_high_output,5 x 30m @ 75-85% / 60s,estimated_minutes is absent and not derivable — the prescription states no duration,b1:Sandbag Walking Lunge 30m(distance),rounds rounds=5 dur=- rest=60,,,,,,,
mx_sandbag_lunge_race_specific,Sandbag Lunge,Race Specific,race_pacing,3 x 100m @ race load / 2-3m,estimated_minutes is absent and not derivable — the prescription states no duration,b1:Sandbag Walking Lunge 100m(distance),rounds rounds=3 dur=- rest=-,,,,,,,
mx_sandbag_lunge_compromised,Sandbag Lunge,Compromised,compromised_station_work,4r: 600m run + 25m race load,estimated_minutes is absent and not derivable — the prescription states no duration,b1:Run 600m(distance) + b1:Sandbag Walking Lunge 25m(distance),rounds rounds=4 dur=- rest=-,,,,,,,
mx_sandbag_lunge_benchmark,Sandbag Lunge,Benchmark,repeatable_test,100m benchmark @ race load,estimated_minutes is absent and not derivable — the prescription states no duration,b1:Sandbag Walking Lunge 100m(distance),continuous rounds=- dur=- rest=-,,,,,,,
mx_sandbag_lunge_hybrid_a,Sandbag Lunge,Hybrid A,complementary_hybrid,4r: 25m lunges + 500m Row,estimated_minutes is absent and not derivable — the prescription states no duration,b1:Sandbag Walking Lunge 25m(distance) + b1:RowErg 500m(distance),rounds rounds=4 dur=- rest=-,,,,,,,
mx_sandbag_lunge_hybrid_b,Sandbag Lunge,Hybrid B,run_station_hybrid,4r: 400m run + 20m lunges + 10 WB,estimated_minutes is absent and not derivable — the prescription states no duration,b1:Run 400m(distance) + b1:Sandbag Walking Lunge 20m(distance) + b1:Wall Ball 10reps(reps),rounds rounds=4 dur=- rest=-,,,,,,,
mx_sandbag_lunge_durability,Sandbag Lunge,Durability,repeated_submax_durability,4 x 75m @ 65-75% / 90s,estimated_minutes is absent and not derivable — the prescription states no duration,b1:Sandbag Walking Lunge 75m(distance),rounds rounds=4 dur=- rest=90,,,,,,,
mx_wall_ball_technique,Wall Ball,Technique,skill_economy,8 x 10 light technique reps,estimated_minutes is absent and not derivable — the prescription states no duration,b1:Wall Ball 10reps(reps),rounds rounds=8 dur=- rest=-,,,,,,,
mx_wall_ball_base,Wall Ball,Base,aerobic_local_durability,10 x 15 @ 50-75% race ball,estimated_minutes is absent and not derivable — the prescription states no duration,b1:Wall Ball 15reps(reps),rounds rounds=10 dur=- rest=-,,,,,,,
mx_wall_ball_strength_power,Wall Ball,Strength-Power,force_power_reserve,6 x 10 heavy WB/thrusters / 75-90s,estimated_minutes is absent and not derivable — the prescription states no duration,b1:Wall Ball 10reps(reps),rounds rounds=6 dur=- rest=-,,,,,,,
mx_wall_ball_threshold,Wall Ball,Threshold,sustainable_high_output,6 x 20 @ race ball / 60s,estimated_minutes is absent and not derivable — the prescription states no duration,b1:Wall Ball 20reps(reps),rounds rounds=6 dur=- rest=60,,,,,,,
mx_wall_ball_race_specific,Wall Ball,Race Specific,race_pacing,3 x 50 @ race ball / 2m,estimated_minutes is absent and not derivable — the prescription states no duration,b1:Wall Ball 50reps(reps),rounds rounds=3 dur=- rest=120,,,,,,,
mx_wall_ball_compromised,Wall Ball,Compromised,compromised_station_work,4r: 600m run + 25 WB,estimated_minutes is absent and not derivable — the prescription states no duration,b1:Run 600m(distance) + b1:Wall Ball 25reps(reps),rounds rounds=4 dur=- rest=-,,,,,,,
mx_wall_ball_benchmark,Wall Ball,Benchmark,repeatable_test,100 WB benchmark,estimated_minutes is absent and not derivable — the prescription states no duration,b1:Wall Ball 100reps(reps),continuous rounds=- dur=- rest=-,,,,,,,
mx_wall_ball_hybrid_a,Wall Ball,Hybrid A,complementary_hybrid,5r: 15 WB + 400m Ski,estimated_minutes is absent and not derivable — the prescription states no duration,b1:Wall Ball 15reps(reps) + b1:SkiErg 400m(distance),rounds rounds=5 dur=- rest=-,,,,,,,
mx_wall_ball_hybrid_b,Wall Ball,Hybrid B,run_station_hybrid,4r: 400m run + 15 WB + 80ft carry,estimated_minutes is absent and not derivable — the prescription states no duration,b1:Run 400m(distance) + b1:Wall Ball 15reps(reps) + b1:Farmer Carry 80ft(distance),rounds rounds=4 dur=- rest=-,,,,,,,
mx_wall_ball_durability,Wall Ball,Durability,repeated_submax_durability,5 x 30 @ race ball / 75s,estimated_minutes is absent and not derivable — the prescription states no duration,b1:Wall Ball 30reps(reps),rounds rounds=5 dur=- rest=75,,,,,,,
run_technique_mechanics_01,,Technique / Mechanics,running_economy,10m easy + drills + 6x20s relaxed strides/60s walk-jog + easy finish,"unquantified phase ""drills"" names work with no prescription",,,30,,,,,,
run_easy_base_01,,Easy Base,aerobic_base,30m conversational running; treadmill or outdoor,"unquantified phase ""treadmill or outdoor"" names work with no prescription",,,30,,,,,,
run_easy_base_02,,Easy Base,aerobic_base,45m conversational running; resist pace creep,"unquantified phase ""resist pace creep"" names work with no prescription",,,45,,,,,,
run_easy_base_03,,Easy Base,aerobic_base,30m easy + 6x20s strides/60s easy + cooldown,"unquantified phase ""cooldown"" names work with no prescription",,,40,,,,,,
run_long_aerobic_01,,Long Aerobic,aerobic_durability,60m conversational run; walk breaks allowed if needed to preserve easy effort,"unquantified phase ""walk breaks allowed if needed to preserve easy effort"" names work with no prescription",,,60,,,,,,
run_long_aerobic_02,,Long Aerobic,aerobic_durability,75m easy; fueling/hydration rehearsal when appropriate,"unquantified phase ""fueling/hydration rehearsal when appropriate"" names work with no prescription",,,75,,,,,,
run_progression_03,,Progression,aerobic_strength,First 3K easy; second 3K gradually faster without sprinting,"unrecognised movement in ""First 3K easy""",,,40,,,,,,
run_tempo_01,,Tempo,tempo_endurance,10m easy + 3x8m tempo/2m easy + cooldown,"unquantified phase ""cooldown"" names work with no prescription",,,45,,,,,,
run_tempo_02,,Tempo,tempo_endurance,10m easy + 2x12m tempo/3m easy + cooldown,"unquantified phase ""cooldown"" names work with no prescription",,,45,,,,,,
run_threshold_01,,Threshold,lactate_threshold,12m easy + 5x5m threshold/2m easy + cooldown,"unquantified phase ""cooldown"" names work with no prescription",,,50,,,,,,
run_threshold_02,,Threshold,lactate_threshold,12m easy + 4x6m threshold/2m easy + cooldown,"unquantified phase ""cooldown"" names work with no prescription",,,48,,,,,,
run_threshold_03,,Threshold,lactate_threshold,12m easy + 3x1 mile threshold/3m easy + cooldown,"unquantified phase ""cooldown"" names work with no prescription",,,55,,,,,,
run_1k_repeats_02,,1K Repeats,hyrox_run_pacing,6x1K at repeatable HYROX effort; 90s-2m easy,"unrecognised movement in ""1K at repeatable HYROX effort""",,,55,,,,,,
run_1k_repeats_03,,1K Repeats,hyrox_run_pacing,5x1K same target pace; recovery 2:00/1:45/1:30/1:15,"""recovery 2:00/1:45/1:30/1:15"" is a rest schedule, which a single rest_seconds cannot express",,,48,,,,,,
run_incline_hills_01,,Incline / Hills,strength_endurance,10m easy + 8x2m @ 3-5% incline/90s easy flat + cooldown,"unquantified phase ""cooldown"" names work with no prescription",,,42,,,,,,
run_incline_hills_02,,Incline / Hills,strength_endurance,10x60s uphill strong/90s easy return; warm-up/cooldown,"unquantified phase ""warm-up/cooldown"" names work with no prescription",,,40,,,,,,
run_mixed_race_pace_01,,Mixed Race-Pace,hyrox_race_pacing,4r: 1K run + alternating 500m Ski / 40ft push / 500m Row / 20 WB,prescription offers a choice of movement rather than naming one,,,55,,,,,,
run_mixed_race_pace_02,,Mixed Race-Pace,hyrox_race_pacing,6x1K runs with one moderate station dose between each; never race the workout,prescription offers a choice of movement rather than naming one,,,75,,,,,,
run_mixed_race_pace_03,,Mixed Race-Pace,hyrox_race_pacing,8x1K at goal sustainable HYROX pace; 90s easy or short station technique between reps,prescription offers a choice of movement rather than naming one,,,75,,,,,,
run_treadmill_control_01,,Treadmill Control,pace_control,10m easy + 5m each at easy/steady/moderate/steady + cooldown,prescription offers a choice of movement rather than naming one,,,40,,,,,,
run_treadmill_control_02,,Treadmill Control,pace_control,5x1K at same treadmill speed; 2m easy; target <3% rep-to-rep drift,"unrecognised movement in ""1K at same treadmill speed""",,,45,,,,,,
run_treadmill_control_03,,Treadmill Control,pace_control,6r: 3m flat steady + 2m @ 2-3% incline; easy cooldown,"unrecognised movement in ""2m @ 2-3% incline; easy cooldown""",,,40,,,,,,
run_benchmark_01,,Benchmark,run_benchmark,Progressive warm-up + 1K hard controlled time trial + cooldown,"unquantified phase ""Progressive warm-up"" names work with no prescription",,,30,,,,,,
run_benchmark_02,,Benchmark,run_benchmark,10-15m warm-up + 5K best sustainable effort + cooldown,"unrecognised movement in ""10-15m warm-up""",,,45,,,,,,
run_benchmark_03,,Benchmark,run_benchmark,"30m steady; record distance, avg HR, pace and RPE under repeatable conditions","unquantified phase ""record distance, avg HR, pace and RPE under repeatable conditions"" names work with no prescription",,,30,,,,,,
run_micro_run_02,,Micro Run,minimum_effective_dose,3m easy + 5x1m moderate/1m easy + brief cooldown,"unquantified phase ""brief cooldown"" names work with no prescription",,,15,,,,,,
run_taper_sharpen_01,,Taper / Sharpen,race_sharpening,15m easy + 4x400m at crisp race feel/2m easy + cooldown,"unquantified phase ""cooldown"" names work with no prescription",,,35,,,,,,
run_taper_sharpen_02,,Taper / Sharpen,race_sharpening,10m easy + 3x1K at planned HYROX pace/3m easy + cooldown,"unrecognised movement in ""1K at planned HYROX pace""",,,38,,,,,,
run_recovery_run_01,,Recovery Run,active_recovery,20m very easy; walk freely; finish fresher than started,"unquantified phase ""walk freely"" names work with no prescription",,,20,,,,,,
