"id","name","family","old_primary_goal","training_domain","session_type","basis","ambiguous"
"wo_zone_2_run_30","Zone 2 Run 30","run_base","aerobic_durability","aerobic","run","aerobic_durability with unloaded engine work",""
"wo_zone_2_run_45","Zone 2 Run 45","run_base","aerobic_durability","aerobic","run","aerobic_durability with unloaded engine work",""
"wo_run_walk_rebuild","Run Walk Rebuild","run_base","aerobic_durability","aerobic","run","aerobic_durability with unloaded engine work",""
"wo_tempo_3x6","Tempo 3x6","run_quality","threshold","threshold","run","threshold with unloaded engine work",""
"wo_1k_repeat_builder","1K Repeat Builder","run_quality","race_specific","hybrid","run","race_specific with unloaded engine work",""
"wo_ski_zone_2_30","Ski Zone 2 30","ski_base","aerobic_durability","aerobic","conditioning","aerobic_durability with unloaded engine work",""
"wo_ski_10x250","Ski 10x250","ski_quality","threshold","threshold","conditioning","threshold with unloaded engine work",""
"wo_ski_5x500","Ski 5x500","ski_quality","threshold","threshold","conditioning","threshold with unloaded engine work",""
"wo_hyrox_legs_a","HYROX Legs A","strength_legs","strength","strength","strength","prescribes working sets with rest between them",""
"wo_hyrox_legs_b","HYROX Legs B","strength_legs","strength","strength","strength","prescribes working sets with rest between them",""
"wo_hyrox_push_a","HYROX Push A","strength_push","strength","strength","strength","prescribes working sets with rest between them",""
"wo_hyrox_pull_a","HYROX Pull A","strength_pull","strength","strength","strength","prescribes working sets with rest between them",""
"wo_run_ski_carry_builder","Run Ski Carry Builder","hybrid","aerobic_durability","aerobic","hybrid","aerobic_durability with loaded engine work",""
"wo_compromised_run_wall_ball","Compromised Run Wall Ball","hybrid","race_specific","hybrid","hybrid","race_specific with loaded engine work",""
"wo_sled_sandwich","Sled Sandwich","hybrid","race_specific","hybrid","hybrid","race_specific with loaded engine work",""
"wo_burpee_run_builder","Burpee Run Builder","hybrid","race_specific","hybrid","run","race_specific with unloaded engine work",""
"wo_carry_lunge_chipper","Carry Lunge Chipper","hybrid","strength","hybrid","hybrid","loaded work combined with engine work, and no working sets","review"
"wo_long_hybrid_60","Long Hybrid 60","hybrid","aerobic_durability","aerobic","hybrid","aerobic_durability with loaded engine work",""
"wo_long_hybrid_75","Long Hybrid 75","hybrid","aerobic_durability","aerobic","hybrid","aerobic_durability with loaded engine work",""
"wo_ski_wall_ball_ladder","Ski Wall Ball Ladder","hybrid","race_specific","hybrid","hybrid","race_specific with loaded engine work",""
"wo_ski_sled_combo","Ski Sled Combo","hybrid","race_specific","hybrid","hybrid","race_specific with loaded engine work",""
"wo_run_farmer_lunge","Run Farmer Lunge","hybrid","race_specific","hybrid","hybrid","race_specific with loaded engine work",""
"wo_run_ski_wall_ball","Run Ski Wall Ball","hybrid","race_specific","hybrid","hybrid","race_specific with loaded engine work",""
"wo_run_sled_wall_ball","Run Sled Wall Ball","hybrid","race_specific","hybrid","hybrid","race_specific with loaded engine work",""
"wo_ski_carry_burpee","Ski Carry Burpee","hybrid","race_specific","hybrid","hybrid","race_specific with loaded engine work",""
"wo_treadmill_incline_hybrid","Treadmill Incline Hybrid","hybrid","strength","hybrid","hybrid","loaded work combined with engine work, and no working sets","review"
"wo_box_carry_engine","Box Carry Engine","hybrid","strength","hybrid","hybrid","loaded work combined with engine work, and no working sets","review"
"wo_hyrox_density_emom_20","HYROX Density EMOM 20","density","race_specific","hybrid","hybrid","race_specific with loaded engine work",""
"wo_micro_engine_12","Micro Engine 12","micro","aerobic_durability","aerobic","conditioning","aerobic_durability with unloaded engine work",""
"wo_micro_strength_legs_15","Micro Strength Legs 15","micro","strength","muscular_endurance","strength_endurance","carries load but prescribes no working sets with rest",""
"wo_micro_upper_15","Micro Upper 15","micro","strength","muscular_endurance","strength_endurance","carries load but prescribes no working sets with rest",""
"wo_micro_hyrox_18","Micro HYROX 18","micro","race_specific","hybrid","hybrid","race_specific with loaded engine work",""
"wo_recovery_spin_mobility","Recovery Spin Mobility","recovery","recovery","recovery","recovery","recovery goal",""
"wo_half_hyrox_simulation","Half HYROX Simulation","simulation","race_specific","hybrid","benchmark","simulation is a test of form, not a dose",""
"wo_row_technique_plus_aerobic_base_30","Row Technique + Aerobic Base 30","row_base","aerobic_durability","aerobic","conditioning","aerobic_durability with unloaded engine work",""
"wo_row_zone_2_45","Row Zone 2 45","row_base","aerobic_durability","aerobic","conditioning","aerobic_durability with unloaded engine work",""
"wo_row_rate_ladder_20_24","Row Rate Ladder 20-24","row_skill","aerobic_durability","aerobic","conditioning","aerobic_durability with unloaded engine work",""
"wo_row_10x250_speed","Row 10x250 Speed","row_quality","threshold","threshold","conditioning","threshold with unloaded engine work",""
"wo_row_8x500_threshold","Row 8x500 Threshold","row_quality","threshold","threshold","conditioning","threshold with unloaded engine work",""
"wo_row_5x1000_race_builder","Row 5x1000 Race Builder","row_quality","race_specific","hybrid","conditioning","race_specific with unloaded engine work",""
"wo_row_descending_ladder_2k_500","Row Descending Ladder 2K-500","row_quality","threshold","threshold","conditioning","threshold with unloaded engine work",""
"wo_hyrox_row_benchmark_1000","HYROX Row Benchmark 1000","benchmark","race_specific","hybrid","benchmark","benchmark is a test of form, not a dose",""
"wo_compromised_run_plus_row","Compromised Run + Row","hybrid_specific","race_specific","hybrid","run","race_specific with unloaded engine work",""
"wo_run_row_wall_ball_builder","Run-Row-Wall Ball Builder","hybrid_specific","race_specific","hybrid","hybrid","race_specific with loaded engine work",""
"wo_row_plus_farmer_carry_engine","Row + Farmer Carry Engine","hybrid_engine","strength","hybrid","hybrid","loaded work combined with engine work, and no working sets","review"
"wo_row_plus_sandbag_lunge_engine","Row + Sandbag Lunge Engine","hybrid_engine","strength","hybrid","hybrid","loaded work combined with engine work, and no working sets","review"
"wo_ski_row_aerobic_brick","Ski-Row Aerobic Brick","erg_engine","aerobic_durability","aerobic","conditioning","aerobic_durability with unloaded engine work",""
"wo_ski_row_threshold_alternator","Ski-Row Threshold Alternator","erg_quality","threshold","threshold","conditioning","threshold with unloaded engine work",""
"wo_row_sled_sandwich","Row Sled Sandwich","hybrid_specific","race_specific","hybrid","hybrid","race_specific with loaded engine work",""
"wo_row_burpee_compromised_engine","Row Burpee Compromised Engine","hybrid_specific","race_specific","hybrid","conditioning","race_specific with unloaded engine work",""
"wo_row_density_emom_20","Row Density EMOM 20","density","race_specific","hybrid","hybrid","race_specific with loaded engine work",""
"wo_micro_row_engine_12","Micro Row Engine 12","micro","aerobic_durability","aerobic","conditioning","aerobic_durability with unloaded engine work",""
"wo_micro_hyrox_row_18","Micro HYROX Row 18","micro","race_specific","hybrid","hybrid","race_specific with loaded engine work",""
"wo_hyrox_row_under_fatigue_benchmark","HYROX Row Under Fatigue Benchmark","benchmark","race_specific","hybrid","benchmark","benchmark is a test of form, not a dose",""
"wo_long_erg_engine_60","Long Erg Engine 60","long_engine","aerobic_durability","aerobic","conditioning","aerobic_durability with unloaded engine work",""
"run_1k_repeats_01","HYROX 4x1K","one_k","race_specific","hybrid","run","race_specific with unloaded engine work",""
"run_micro_run_01","Micro Easy 12","micro","aerobic_durability","aerobic","conditioning","aerobic_durability with unloaded engine work",""
"run_long_aerobic_01","Long Easy 60","long_run","aerobic_durability","aerobic","run","aerobic_durability with unloaded engine work",""
"run_long_aerobic_02","Long Easy 75","long_run","aerobic_durability","aerobic","run","aerobic_durability with unloaded engine work",""
"run_progression_03","Negative Split 6K","progression","aerobic_durability","aerobic","run","aerobic_durability with unloaded engine work",""
"run_1k_repeats_02","HYROX 6x1K","one_k","race_specific","hybrid","run","race_specific with unloaded engine work",""
"run_mixed_race_pace_01","HYROX Race-Pace 4K","race_pace","race_specific","hybrid","hybrid","race_specific with loaded engine work",""
"run_mixed_race_pace_02","HYROX Race-Pace 6K","race_pace","race_specific","hybrid","hybrid","race_specific with loaded engine work",""
"run_mixed_race_pace_03","Broken 8K HYROX Run","race_pace","race_specific","hybrid","run","race_specific with unloaded engine work",""
"run_treadmill_control_01","Treadmill Pace Ladder","treadmill","aerobic_durability","aerobic","run","aerobic_durability with unloaded engine work",""
"run_treadmill_control_02","Treadmill 1K Pace Lock","treadmill","aerobic_durability","aerobic","run","aerobic_durability with unloaded engine work",""
"run_benchmark_01","1K Run Benchmark","benchmark","race_specific","hybrid","benchmark","benchmark is a test of form, not a dose",""
"run_benchmark_02","5K Run Benchmark","benchmark","race_specific","hybrid","benchmark","benchmark is a test of form, not a dose",""
"run_benchmark_03","30-Min Aerobic Benchmark","benchmark","race_specific","hybrid","benchmark","benchmark is a test of form, not a dose",""
"run_recovery_run_01","Recovery Jog 20","recovery","recovery","recovery","recovery","recovery goal",""
"run_technique_mechanics_02","Cadence Control 35","run_skill","aerobic_durability","aerobic","run","aerobic_durability with unloaded engine work",""
"run_return_to_run_03","Continuous Run Bridge 30","return_run","aerobic_durability","aerobic","run","aerobic_durability with unloaded engine work",""
"run_long_aerobic_03","Long Run with Fast Finish","long_run","aerobic_durability","aerobic","run","aerobic_durability with unloaded engine work",""
"run_progression_01","Progression 40","progression","aerobic_durability","aerobic","run","aerobic_durability with unloaded engine work",""
"run_progression_02","Progression 50","progression","aerobic_durability","aerobic","run","aerobic_durability with unloaded engine work",""
"run_tempo_03","Continuous Tempo 20","tempo","threshold","threshold","run","threshold with unloaded engine work",""
"run_short_intervals_03","8x2 Minute Speed Endurance","short_intervals","threshold","threshold","run","threshold with unloaded engine work",""
"run_incline_hills_03","Incline Aerobic Builder","hills","strength","aerobic","conditioning","labelled strength but carries no external load","review"
"run_compromised_run_01","Ski-to-Run Repeats","compromised","race_specific","hybrid","run","race_specific with unloaded engine work",""
"run_compromised_run_02","Row-to-Run Repeats","compromised","race_specific","hybrid","run","race_specific with unloaded engine work",""
"run_compromised_run_03","Carry-to-Run Repeats","compromised","race_specific","hybrid","hybrid","race_specific with loaded engine work",""
"run_station_to_run_01","Sled Push → Run","station_to_run","race_specific","hybrid","hybrid","race_specific with loaded engine work",""
"run_station_to_run_02","Lunge → Run","station_to_run","race_specific","hybrid","hybrid","race_specific with loaded engine work",""
"run_station_to_run_03","Wall Ball → Run","station_to_run","race_specific","hybrid","hybrid","race_specific with loaded engine work",""
"run_run_to_station_01","Run → Ski","run_to_station","race_specific","hybrid","run","race_specific with unloaded engine work",""
"run_run_to_station_02","Run → Row","run_to_station","race_specific","hybrid","run","race_specific with unloaded engine work",""
"run_low_impact_run_substitute_03","Mixed Erg Run-Equivalent 45","low_impact","aerobic_durability","aerobic","conditioning","aerobic_durability with unloaded engine work",""
"run_micro_run_03","Micro HYROX Run 18","micro","aerobic_durability","aerobic","hybrid","aerobic_durability with loaded engine work",""
"run_recovery_run_02","Recovery Jog 30","recovery","recovery","recovery","recovery","recovery goal",""
"run_recovery_run_03","Recovery Run-Walk 30","recovery","recovery","recovery","recovery","recovery goal",""
"mx_burpee_broad_jump_base","Burpee Broad Jump — Base","station_burpee_broad_jump","aerobic_durability","aerobic","conditioning","aerobic_durability with unloaded engine work",""
"mx_burpee_broad_jump_benchmark","Burpee Broad Jump — Benchmark","station_burpee_broad_jump","race_specific","hybrid","conditioning","race_specific with unloaded work",""
"mx_burpee_broad_jump_compromised","Burpee Broad Jump — Compromised","station_burpee_broad_jump","race_specific","hybrid","run","race_specific with unloaded engine work",""
"mx_burpee_broad_jump_density","Burpee Broad Jump — Density","station_burpee_broad_jump","race_specific","hybrid","conditioning","race_specific with unloaded engine work",""
"mx_burpee_broad_jump_durability","Burpee Broad Jump — Durability","station_burpee_broad_jump","aerobic_durability","aerobic","conditioning","aerobic_durability with unloaded work",""
"mx_burpee_broad_jump_hybrid_a","Burpee Broad Jump — Hybrid A","station_burpee_broad_jump","race_specific","hybrid","conditioning","race_specific with unloaded engine work",""
"mx_burpee_broad_jump_hybrid_b","Burpee Broad Jump — Hybrid B","station_burpee_broad_jump","race_specific","hybrid","hybrid","race_specific with loaded engine work",""
"mx_burpee_broad_jump_micro","Burpee Broad Jump — Micro","station_burpee_broad_jump","aerobic_durability","aerobic","run","aerobic_durability with unloaded engine work",""
"mx_burpee_broad_jump_race_specific","Burpee Broad Jump — Race Specific","station_burpee_broad_jump","race_specific","hybrid","conditioning","race_specific with unloaded work",""
"mx_burpee_broad_jump_strength_power","Burpee Broad Jump — Strength-Power","station_burpee_broad_jump","strength","muscular_endurance","conditioning","labelled strength but carries no external load","review"
"mx_burpee_broad_jump_technique","Burpee Broad Jump — Technique","station_burpee_broad_jump","aerobic_durability","aerobic","conditioning","aerobic_durability with unloaded work",""
"mx_burpee_broad_jump_threshold","Burpee Broad Jump — Threshold","station_burpee_broad_jump","threshold","threshold","conditioning","threshold with unloaded work",""
"mx_farmer_carry_base","Farmer Carry — Base","station_farmer_carry","aerobic_durability","aerobic","strength_endurance","aerobic_durability with loaded work",""
"mx_farmer_carry_benchmark","Farmer Carry — Benchmark","station_farmer_carry","race_specific","hybrid","strength_endurance","race_specific with loaded work",""
"mx_farmer_carry_compromised","Farmer Carry — Compromised","station_farmer_carry","race_specific","hybrid","hybrid","race_specific with loaded engine work",""
"mx_farmer_carry_density","Farmer Carry — Density","station_farmer_carry","race_specific","hybrid","strength_endurance","race_specific with loaded work",""
"mx_farmer_carry_durability","Farmer Carry — Durability","station_farmer_carry","aerobic_durability","aerobic","strength_endurance","aerobic_durability with loaded work",""
"mx_farmer_carry_hybrid_a","Farmer Carry — Hybrid A","station_farmer_carry","race_specific","hybrid","hybrid","race_specific with loaded engine work",""
"mx_farmer_carry_hybrid_b","Farmer Carry — Hybrid B","station_farmer_carry","race_specific","hybrid","hybrid","race_specific with loaded engine work",""
"mx_farmer_carry_micro","Farmer Carry — Micro","station_farmer_carry","strength","muscular_endurance","strength_endurance","carries load but prescribes no working sets with rest",""
"mx_farmer_carry_race_specific","Farmer Carry — Race Specific","station_farmer_carry","race_specific","hybrid","strength_endurance","race_specific with loaded work",""
"mx_farmer_carry_strength_power","Farmer Carry — Strength-Power","station_farmer_carry","strength","muscular_endurance","strength_endurance","carries load but prescribes no working sets with rest",""
"mx_farmer_carry_technique","Farmer Carry — Technique","station_farmer_carry","aerobic_durability","aerobic","strength_endurance","aerobic_durability with loaded work",""
"mx_farmer_carry_threshold","Farmer Carry — Threshold","station_farmer_carry","threshold","threshold","strength_endurance","threshold with loaded work",""
"mx_rowerg_base","RowErg — Base","station_rowerg","aerobic_durability","aerobic","conditioning","aerobic_durability with unloaded engine work",""
"mx_rowerg_benchmark","RowErg — Benchmark","station_rowerg","race_specific","hybrid","conditioning","race_specific with unloaded engine work",""
"mx_rowerg_compromised","RowErg — Compromised","station_rowerg","race_specific","hybrid","run","race_specific with unloaded engine work",""
"mx_rowerg_density","RowErg — Density","station_rowerg","race_specific","hybrid","hybrid","race_specific with loaded engine work",""
"mx_rowerg_durability","RowErg — Durability","station_rowerg","aerobic_durability","aerobic","conditioning","aerobic_durability with unloaded engine work",""
"mx_rowerg_hybrid_a","RowErg — Hybrid A","station_rowerg","race_specific","hybrid","hybrid","race_specific with loaded engine work",""
"mx_rowerg_hybrid_b","RowErg — Hybrid B","station_rowerg","race_specific","hybrid","hybrid","race_specific with loaded engine work",""
"mx_rowerg_micro","RowErg — Micro","station_rowerg","aerobic_durability","aerobic","conditioning","aerobic_durability with unloaded engine work",""
"mx_rowerg_race_specific","RowErg — Race Specific","station_rowerg","race_specific","hybrid","conditioning","race_specific with unloaded engine work",""
"mx_rowerg_strength_power","RowErg — Strength-Power","station_rowerg","strength","aerobic","conditioning","labelled strength but carries no external load","review"
"mx_rowerg_technique","RowErg — Technique","station_rowerg","aerobic_durability","aerobic","conditioning","aerobic_durability with unloaded engine work",""
"mx_rowerg_threshold","RowErg — Threshold","station_rowerg","threshold","threshold","conditioning","threshold with unloaded engine work",""
"mx_sandbag_lunge_base","Sandbag Lunge — Base","station_sandbag_lunge","aerobic_durability","aerobic","strength_endurance","aerobic_durability with loaded work",""
"mx_sandbag_lunge_benchmark","Sandbag Lunge — Benchmark","station_sandbag_lunge","race_specific","hybrid","strength_endurance","race_specific with loaded work",""
"mx_sandbag_lunge_compromised","Sandbag Lunge — Compromised","station_sandbag_lunge","race_specific","hybrid","hybrid","race_specific with loaded engine work",""
"mx_sandbag_lunge_density","Sandbag Lunge — Density","station_sandbag_lunge","race_specific","hybrid","hybrid","race_specific with loaded engine work",""
"mx_sandbag_lunge_durability","Sandbag Lunge — Durability","station_sandbag_lunge","aerobic_durability","aerobic","strength_endurance","aerobic_durability with loaded work",""
"mx_sandbag_lunge_hybrid_a","Sandbag Lunge — Hybrid A","station_sandbag_lunge","race_specific","hybrid","hybrid","race_specific with loaded engine work",""
"mx_sandbag_lunge_hybrid_b","Sandbag Lunge — Hybrid B","station_sandbag_lunge","race_specific","hybrid","hybrid","race_specific with loaded engine work",""
"mx_sandbag_lunge_micro","Sandbag Lunge — Micro","station_sandbag_lunge","race_specific","hybrid","hybrid","race_specific with loaded engine work",""
"mx_sandbag_lunge_race_specific","Sandbag Lunge — Race Specific","station_sandbag_lunge","race_specific","hybrid","strength_endurance","race_specific with loaded work",""
"mx_sandbag_lunge_strength_power","Sandbag Lunge — Strength-Power","station_sandbag_lunge","strength","muscular_endurance","strength_endurance","carries load but prescribes no working sets with rest",""
"mx_sandbag_lunge_technique","Sandbag Lunge — Technique","station_sandbag_lunge","aerobic_durability","aerobic","strength_endurance","aerobic_durability with loaded work",""
"mx_sandbag_lunge_threshold","Sandbag Lunge — Threshold","station_sandbag_lunge","threshold","threshold","strength_endurance","threshold with loaded work",""
"mx_skierg_benchmark","SkiErg — Benchmark","station_skierg","race_specific","hybrid","conditioning","race_specific with unloaded engine work",""
"mx_skierg_compromised","SkiErg — Compromised","station_skierg","race_specific","hybrid","run","race_specific with unloaded engine work",""
"mx_skierg_density","SkiErg — Density","station_skierg","race_specific","hybrid","hybrid","race_specific with loaded engine work",""
"mx_skierg_durability","SkiErg — Durability","station_skierg","aerobic_durability","aerobic","conditioning","aerobic_durability with unloaded engine work",""
"mx_skierg_hybrid_a","SkiErg — Hybrid A","station_skierg","race_specific","hybrid","conditioning","race_specific with unloaded engine work",""
"mx_skierg_hybrid_b","SkiErg — Hybrid B","station_skierg","race_specific","hybrid","hybrid","race_specific with loaded engine work",""
"mx_skierg_race_specific","SkiErg — Race Specific","station_skierg","race_specific","hybrid","conditioning","race_specific with unloaded engine work",""
"mx_skierg_strength_power","SkiErg — Strength-Power","station_skierg","strength","aerobic","conditioning","labelled strength but carries no external load","review"
"mx_skierg_technique","SkiErg — Technique","station_skierg","aerobic_durability","aerobic","conditioning","aerobic_durability with unloaded engine work",""
"mx_skierg_threshold","SkiErg — Threshold","station_skierg","threshold","threshold","conditioning","threshold with unloaded engine work",""
"mx_sled_pull_base","Sled Pull — Base","station_sled_pull","aerobic_durability","aerobic","strength_endurance","aerobic_durability with loaded work",""
"mx_sled_pull_benchmark","Sled Pull — Benchmark","station_sled_pull","race_specific","hybrid","strength_endurance","race_specific with loaded work",""
"mx_sled_pull_compromised","Sled Pull — Compromised","station_sled_pull","race_specific","hybrid","hybrid","race_specific with loaded engine work",""
"mx_sled_pull_density","Sled Pull — Density","station_sled_pull","race_specific","hybrid","strength_endurance","race_specific with loaded work",""
"mx_sled_pull_durability","Sled Pull — Durability","station_sled_pull","aerobic_durability","aerobic","strength_endurance","aerobic_durability with loaded work",""
"mx_sled_pull_hybrid_a","Sled Pull — Hybrid A","station_sled_pull","race_specific","hybrid","hybrid","race_specific with loaded engine work",""
"mx_sled_pull_hybrid_b","Sled Pull — Hybrid B","station_sled_pull","race_specific","hybrid","hybrid","race_specific with loaded engine work",""
"mx_sled_pull_micro","Sled Pull — Micro","station_sled_pull","strength","muscular_endurance","strength_endurance","carries load but prescribes no working sets with rest",""
"mx_sled_pull_race_specific","Sled Pull — Race Specific","station_sled_pull","race_specific","hybrid","strength_endurance","race_specific with loaded work",""
"mx_sled_pull_strength_power","Sled Pull — Strength-Power","station_sled_pull","strength","muscular_endurance","strength_endurance","carries load but prescribes no working sets with rest",""
"mx_sled_pull_technique","Sled Pull — Technique","station_sled_pull","aerobic_durability","aerobic","strength_endurance","aerobic_durability with loaded work",""
"mx_sled_pull_threshold","Sled Pull — Threshold","station_sled_pull","threshold","threshold","hybrid","threshold with loaded engine work",""
"mx_sled_push_base","Sled Push — Base","station_sled_push","aerobic_durability","aerobic","strength_endurance","aerobic_durability with loaded work",""
"mx_sled_push_benchmark","Sled Push — Benchmark","station_sled_push","race_specific","hybrid","strength_endurance","race_specific with loaded work",""
"mx_sled_push_compromised","Sled Push — Compromised","station_sled_push","race_specific","hybrid","hybrid","race_specific with loaded engine work",""
"mx_sled_push_density","Sled Push — Density","station_sled_push","race_specific","hybrid","strength_endurance","race_specific with loaded work",""
"mx_sled_push_durability","Sled Push — Durability","station_sled_push","aerobic_durability","aerobic","strength_endurance","aerobic_durability with loaded work",""
"mx_sled_push_hybrid_a","Sled Push — Hybrid A","station_sled_push","race_specific","hybrid","hybrid","race_specific with loaded engine work",""
"mx_sled_push_hybrid_b","Sled Push — Hybrid B","station_sled_push","race_specific","hybrid","hybrid","race_specific with loaded engine work",""
"mx_sled_push_micro","Sled Push — Micro","station_sled_push","strength","muscular_endurance","strength_endurance","carries load but prescribes no working sets with rest",""
"mx_sled_push_race_specific","Sled Push — Race Specific","station_sled_push","race_specific","hybrid","strength_endurance","race_specific with loaded work",""
"mx_sled_push_strength_power","Sled Push — Strength-Power","station_sled_push","strength","muscular_endurance","strength_endurance","carries load but prescribes no working sets with rest",""
"mx_sled_push_technique","Sled Push — Technique","station_sled_push","aerobic_durability","aerobic","strength_endurance","aerobic_durability with loaded work",""
"mx_sled_push_threshold","Sled Push — Threshold","station_sled_push","threshold","threshold","hybrid","threshold with loaded engine work",""
"mx_wall_ball_base","Wall Ball — Base","station_wall_ball","aerobic_durability","aerobic","strength_endurance","aerobic_durability with loaded work",""
"mx_wall_ball_benchmark","Wall Ball — Benchmark","station_wall_ball","race_specific","hybrid","strength_endurance","race_specific with loaded work",""
"mx_wall_ball_compromised","Wall Ball — Compromised","station_wall_ball","race_specific","hybrid","hybrid","race_specific with loaded engine work",""
"mx_wall_ball_density","Wall Ball — Density","station_wall_ball","race_specific","hybrid","hybrid","race_specific with loaded engine work",""
"mx_wall_ball_durability","Wall Ball — Durability","station_wall_ball","aerobic_durability","aerobic","strength_endurance","aerobic_durability with loaded work",""
"mx_wall_ball_hybrid_a","Wall Ball — Hybrid A","station_wall_ball","race_specific","hybrid","hybrid","race_specific with loaded engine work",""
"mx_wall_ball_hybrid_b","Wall Ball — Hybrid B","station_wall_ball","race_specific","hybrid","hybrid","race_specific with loaded engine work",""
"mx_wall_ball_micro","Wall Ball — Micro","station_wall_ball","race_specific","hybrid","hybrid","race_specific with loaded engine work",""
"mx_wall_ball_race_specific","Wall Ball — Race Specific","station_wall_ball","race_specific","hybrid","strength_endurance","race_specific with loaded work",""
"mx_wall_ball_strength_power","Wall Ball — Strength-Power","station_wall_ball","strength","muscular_endurance","strength_endurance","carries load but prescribes no working sets with rest",""
"mx_wall_ball_technique","Wall Ball — Technique","station_wall_ball","aerobic_durability","aerobic","strength_endurance","aerobic_durability with loaded work",""
"mx_wall_ball_threshold","Wall Ball — Threshold","station_wall_ball","threshold","threshold","strength_endurance","threshold with loaded work",""
"run_easy_base_03","Easy Run + Strides 40","easy_base","aerobic_durability","aerobic","run","aerobic_durability with unloaded engine work",""
"run_incline_hills_01","Treadmill Incline Repeats","hills","strength","aerobic","conditioning","labelled strength but carries no external load","review"
"run_incline_hills_02","Hill Strength 10x60s","hills","strength","aerobic","conditioning","labelled strength but carries no external load","review"
"run_low_impact_run_substitute_01","Bike Run-Equivalent 40","low_impact","aerobic_durability","aerobic","conditioning","aerobic_durability with unloaded engine work",""
"run_low_impact_run_substitute_02","Ski Run-Equivalent 30","low_impact","aerobic_durability","aerobic","conditioning","aerobic_durability with unloaded engine work",""
"run_micro_run_02","Micro 10x1","micro","aerobic_durability","aerobic","run","aerobic_durability with unloaded engine work",""
"run_short_intervals_01","12x400 Controlled","short_intervals","threshold","threshold","run","threshold with unloaded engine work",""
"run_short_intervals_02","10x1 Minute Fast","short_intervals","threshold","threshold","run","threshold with unloaded engine work",""
"run_taper_sharpen_01","Sharpen 4x400","taper","race_specific","hybrid","run","race_specific with unloaded engine work",""
"run_taper_sharpen_02","Race Week 3x1K","taper","race_specific","hybrid","run","race_specific with unloaded engine work",""
"run_taper_sharpen_03","Pre-Race Primer 20","taper","race_specific","hybrid","run","race_specific with unloaded engine work",""
"run_technique_mechanics_01","Run Mechanics + Strides 30","run_skill","aerobic_durability","aerobic","run","aerobic_durability with unloaded engine work",""
"run_technique_mechanics_03","Form Under Mild Fatigue","run_skill","aerobic_durability","aerobic","run","aerobic_durability with unloaded engine work",""
"run_tempo_01","Tempo 3x8","tempo","threshold","threshold","run","threshold with unloaded engine work",""
"run_tempo_02","Tempo 2x12","tempo","threshold","threshold","run","threshold with unloaded engine work",""
"run_threshold_01","Threshold 5x5","threshold","threshold","threshold","run","threshold with unloaded engine work",""
"run_threshold_02","Threshold 4x6","threshold","threshold","threshold","run","threshold with unloaded engine work",""
"run_threshold_03","Threshold 3x1 Mile","threshold","threshold","threshold","run","threshold with unloaded engine work",""
"run_treadmill_control_03","Treadmill Rolling Incline","treadmill","aerobic_durability","aerobic","run","aerobic_durability with unloaded engine work",""
"wo_strength_total_a","Total Strength A","strength_total","strength","strength","strength","prescribes working sets with rest between them",""
"wo_strength_total_b","Total Strength B","strength_total","strength","strength","strength","prescribes working sets with rest between them",""
"wo_strength_recovery_a","Recovery Strength Lower","strength_maintenance_lower","strength","strength","strength","prescribes working sets with rest between them",""
"wo_strength_recovery_b","Recovery Strength Upper","strength_maintenance_upper","strength","strength","strength","prescribes working sets with rest between them",""
