pack_stimulus,status,templates,example_template,lexical_candidate_1,lexical_candidate_2,lexical_candidate_3,CHOSEN_stimulus
power_endurance,known,1,me_emom_08,power_endurance,speed_endurance,strength_endurance,
total_body_power_strength,known,1,str_athletic_09,total_body_power_strength,lower_body_power_strength,lower_body_strength_power,
advanced_unilateral_strength,UNKNOWN,1,str_complex_11,unilateral_lower_strength,unilateral_power_strength,unilateral_total_strength,
ballistic_muscular_endurance,UNKNOWN,1,me_emom_04,power_endurance,speed_endurance,strength_endurance,
benchmark_bodyweight_endurance,UNKNOWN,1,me_hero_06,power_endurance,run_benchmark,speed_endurance,
benchmark_carry_endurance,UNKNOWN,1,me_hero_04,loaded_carry_strength,power_endurance,run_benchmark,
benchmark_dumbbell_endurance,UNKNOWN,1,me_hero_05,power_endurance,run_benchmark,speed_endurance,
benchmark_loaded_endurance,UNKNOWN,1,me_hero_02,loaded_carry_strength,power_endurance,run_benchmark,
benchmark_power_endurance,UNKNOWN,1,me_hero_08,power_endurance,force_power_reserve,run_benchmark,
benchmark_total_body_endurance,UNKNOWN,1,me_hero_01,total_body_power_strength,total_body_strength,lower_body_power_strength,
benchmark_upper_body_endurance,UNKNOWN,1,me_hero_07,upper_body_power_strength,upper_body_strength,upper_body_strength_power,
benchmark_volume_endurance,UNKNOWN,1,me_hero_03,power_endurance,run_benchmark,speed_endurance,
bodyweight_muscular_endurance,UNKNOWN,1,me_emom_05,power_endurance,speed_endurance,strength_endurance,
bodyweight_work_capacity,UNKNOWN,1,me_metcon_06,aerobic_capacity,compromised_station_work,hyrox_capacity,
cable_pull_strength,UNKNOWN,1,str_pull_new_06,horizontal_push_pull_strength,aerobic_strength,bilateral_squat_strength,
complex_muscular_endurance,UNKNOWN,1,me_metcon_07,power_endurance,speed_endurance,strength_endurance,
contralateral_upper_strength,UNKNOWN,1,str_complex_05,upper_body_strength,upper_body_power_strength,upper_body_strength_power,
descending_rep_endurance,UNKNOWN,1,me_metcon_02,power_endurance,speed_endurance,strength_endurance,
dumbbell_complex_strength,UNKNOWN,1,str_complex_09,aerobic_strength,bilateral_squat_strength,hinge_horizontal_strength,
dumbbell_power_strength,UNKNOWN,1,str_athletic_10,unilateral_power_strength,lower_body_power_strength,lower_body_strength_power,
dumbbell_pull_strength,UNKNOWN,1,str_pull_new_05,horizontal_push_pull_strength,aerobic_strength,bilateral_squat_strength,
explosive_lower_strength,UNKNOWN,1,str_athletic_01,lower_body_strength,unilateral_lower_strength,lower_body_power_strength,
front_rack_complex_strength,UNKNOWN,1,str_complex_02,aerobic_strength,bilateral_squat_strength,hinge_horizontal_strength,
full_body_muscular_endurance,UNKNOWN,1,me_metcon_01,lower_body_power_strength,lower_body_strength,lower_body_strength_power,
grip_trunk_leg_endurance,UNKNOWN,1,me_metcon_08,grip_posterior,power_endurance,speed_endurance,
hinge_power_strength,UNKNOWN,1,str_athletic_03,hinge_horizontal_strength,hinge_strength,unilateral_power_strength,
hinge_pull_strength,UNKNOWN,1,str_pull_new_07,hinge_horizontal_strength,hinge_strength,horizontal_push_pull_strength,
horizontal_pull_strength,UNKNOWN,1,str_pull_new_02,horizontal_push_pull_strength,hinge_horizontal_strength,aerobic_strength,
integrated_hinge_strength,UNKNOWN,1,str_complex_03,hinge_horizontal_strength,hinge_strength,aerobic_strength,
integrated_press_strength,UNKNOWN,1,str_complex_06,aerobic_strength,bilateral_squat_strength,hinge_horizontal_strength,
integrated_pull_strength,UNKNOWN,1,str_complex_07,horizontal_push_pull_strength,aerobic_strength,bilateral_squat_strength,
kettlebell_muscular_endurance,UNKNOWN,1,me_metcon_05,power_endurance,speed_endurance,strength_endurance,
kettlebell_power_strength,UNKNOWN,1,str_athletic_11,unilateral_power_strength,lower_body_power_strength,lower_body_strength_power,
landing_unilateral_strength,UNKNOWN,1,str_athletic_04,unilateral_lower_strength,unilateral_power_strength,unilateral_total_strength,
landmine_lower_complex_strength,UNKNOWN,1,str_complex_04,lower_body_power_strength,lower_body_strength,lower_body_strength_power,
landmine_total_strength,UNKNOWN,1,str_complex_12,total_body_strength,unilateral_total_strength,total_body_power_strength,
lateral_lower_strength,UNKNOWN,1,str_athletic_02,lower_body_strength,unilateral_lower_strength,lower_body_power_strength,
loaded_lower_endurance,UNKNOWN,1,me_emom_07,loaded_carry_strength,lower_body_strength,power_endurance,
lower_body_fatigue_resistance,UNKNOWN,1,me_emom_02,lower_body_power_strength,lower_body_strength,lower_body_strength_power,
lower_body_volume_tolerance,UNKNOWN,1,me_metcon_03,lower_body_power_strength,lower_body_strength,lower_body_strength_power,
mixed_athletic_total_strength,UNKNOWN,1,str_mixed_11,total_body_power_strength,total_body_strength,unilateral_total_strength,
mixed_complex_total_strength,UNKNOWN,1,str_mixed_12,total_body_power_strength,total_body_strength,unilateral_total_strength,
mixed_dumbbell_strength,UNKNOWN,1,str_mixed_10,aerobic_strength,bilateral_squat_strength,hinge_horizontal_strength,
mixed_hinge_power_strength,UNKNOWN,1,str_mixed_03,hinge_horizontal_strength,hinge_strength,lower_body_power_strength,
mixed_lower_strength,UNKNOWN,1,str_mixed_01,lower_body_strength,unilateral_lower_strength,lower_body_power_strength,
mixed_multiplanar_lower_strength,UNKNOWN,1,str_mixed_04,lower_body_power_strength,lower_body_strength,lower_body_strength_power,
mixed_overhead_rotational_strength,UNKNOWN,1,str_mixed_07,aerobic_strength,bilateral_squat_strength,hinge_horizontal_strength,
mixed_pull_strength,UNKNOWN,1,str_mixed_08,horizontal_push_pull_strength,aerobic_strength,bilateral_squat_strength,
mixed_total_power_strength,UNKNOWN,1,str_mixed_09,total_body_power_strength,lower_body_power_strength,lower_body_strength_power,
mixed_unilateral_strength,UNKNOWN,1,str_mixed_02,unilateral_lower_strength,unilateral_power_strength,unilateral_total_strength,
mixed_upper_contralateral_strength,UNKNOWN,1,str_mixed_06,upper_body_power_strength,upper_body_strength,upper_body_strength_power,
mixed_upper_strength,UNKNOWN,1,str_mixed_05,upper_body_strength,upper_body_power_strength,upper_body_strength_power,
multiplanar_strength,UNKNOWN,1,str_athletic_12,aerobic_strength,hinge_strength,strength,
offset_lower_strength,UNKNOWN,1,str_complex_01,lower_body_strength,unilateral_lower_strength,lower_body_power_strength,
overhead_athletic_strength,UNKNOWN,1,str_athletic_08,aerobic_strength,bilateral_squat_strength,hinge_horizontal_strength,
posterior_chain_pull_strength,UNKNOWN,1,str_pull_new_10,horizontal_push_pull_strength,aerobic_strength,bilateral_squat_strength,
pull_arm_strength,UNKNOWN,1,str_pull_new_12,horizontal_push_pull_strength,aerobic_strength,bilateral_squat_strength,
pull_carry_strength,UNKNOWN,1,str_pull_new_09,loaded_carry_strength,horizontal_push_pull_strength,aerobic_strength,
push_pull_fatigue_resistance,UNKNOWN,1,me_emom_06,horizontal_push_pull_strength,vertical_push_strength,active_recovery,
repeatable_muscular_output,UNKNOWN,1,me_emom_01,repeatable_test,sustainable_high_output,active_recovery,
rotational_complex_strength,UNKNOWN,1,str_complex_08,aerobic_strength,bilateral_squat_strength,hinge_horizontal_strength,
rotational_upper_strength,UNKNOWN,1,str_athletic_07,upper_body_strength,upper_body_power_strength,upper_body_strength_power,
sandbag_complex_strength,UNKNOWN,1,str_complex_10,aerobic_strength,bilateral_squat_strength,hinge_horizontal_strength,
unilateral_pull_strength,UNKNOWN,1,str_pull_new_08,unilateral_lower_strength,unilateral_power_strength,unilateral_total_strength,
upper_back_hypertrophy_strength,UNKNOWN,1,str_pull_new_11,upper_body_power_strength,upper_body_strength,upper_body_strength_power,
upper_back_strength,UNKNOWN,1,str_pull_new_04,upper_body_strength,upper_body_power_strength,upper_body_strength_power,
upper_body_fatigue_resistance,UNKNOWN,1,me_emom_03,upper_body_power_strength,upper_body_strength,upper_body_strength_power,
upper_body_volume_tolerance,UNKNOWN,1,me_metcon_04,upper_body_power_strength,upper_body_strength,upper_body_strength_power,
upper_pull_power_strength,UNKNOWN,1,str_athletic_06,upper_body_power_strength,upper_body_strength_power,horizontal_push_pull_strength,
upper_push_power_strength,UNKNOWN,1,str_athletic_05,upper_body_power_strength,upper_body_strength_power,horizontal_push_pull_strength,
vertical_horizontal_pull_strength,UNKNOWN,1,str_pull_new_03,horizontal_push_pull_strength,hinge_horizontal_strength,squat_vertical_strength,
vertical_pull_strength,UNKNOWN,1,str_pull_new_01,squat_vertical_strength,vertical_push_strength,horizontal_push_pull_strength,
