workout_id,blockers,detail,station,category,stimulus,source_prescription,authored_items,estimated_minutes,AUTHOR_intensity_target,AUTHOR_per_block_rounds_rest,AUTHOR_new_exercise_definition
mx_burpee_broad_jump_base,intensity_target,mx_burpee_broad_jump_base: missing intensity_target — intensityCost() would default it to moderate,Burpee Broad Jump,Base,aerobic_local_durability,10r: 6 reps + 45s walk,b1:Burpee Broad Jump 6reps|reps; b1:Incline Walk 45s|duration,15,,,
mx_burpee_broad_jump_benchmark,intensity_target,mx_burpee_broad_jump_benchmark: missing intensity_target — intensityCost() would default it to moderate,Burpee Broad Jump,Benchmark,repeatable_test,80m benchmark,b1:Burpee Broad Jump 80m|distance,12,,,
mx_burpee_broad_jump_compromised,intensity_target,mx_burpee_broad_jump_compromised: missing intensity_target — intensityCost() would default it to moderate,Burpee Broad Jump,Compromised,compromised_station_work,4r: 600m run + 15m BBJ,b1:Run 600m|distance; b1:Burpee Broad Jump 15m|distance,30,,,
mx_burpee_broad_jump_density,intensity_target,mx_burpee_broad_jump_density: missing intensity_target — intensityCost() would default it to moderate,Burpee Broad Jump,Density,work_density,15m EMOM: 6 BBJ / 200m Ski / easy,,15,,,
mx_burpee_broad_jump_durability,intensity_target,mx_burpee_broad_jump_durability: missing intensity_target — intensityCost() would default it to moderate,Burpee Broad Jump,Durability,repeated_submax_durability,5 x 20m RPE 5-6 / 60s,b1:Burpee Broad Jump 20m|distance,20,,,
mx_burpee_broad_jump_hybrid_a,intensity_target,mx_burpee_broad_jump_hybrid_a: missing intensity_target — intensityCost() would default it to moderate,Burpee Broad Jump,Hybrid A,complementary_hybrid,5r: 8 BBJ + 300m Row,b1:Burpee Broad Jump 8reps|reps; b1:RowErg 300m|distance,22,,,
mx_burpee_broad_jump_hybrid_b,intensity_target,mx_burpee_broad_jump_hybrid_b: missing intensity_target — intensityCost() would default it to moderate,Burpee Broad Jump,Hybrid B,run_station_hybrid,4r: 400m run + 8 BBJ + 10 WB,b1:Run 400m|distance; b1:Burpee Broad Jump 8reps|reps; b1:Wall Ball 10reps|reps,30,,,
mx_burpee_broad_jump_micro,undefined exercise,"no exercise named ""Run/Walk"" in the library",Burpee Broad Jump,Micro,minimum_effective_dose,12m: 5 BBJ + 200m easy run/walk,b1:Burpee Broad Jump|5|reps|reps; b1:Run/Walk|200|m|distance|easy,12,,,
mx_burpee_broad_jump_race_specific,intensity_target,mx_burpee_broad_jump_race_specific: missing intensity_target — intensityCost() would default it to moderate,Burpee Broad Jump,Race Specific,race_pacing,4 x 20m race rhythm / 90s,b1:Burpee Broad Jump 20m|distance,18,,,
mx_burpee_broad_jump_strength_power,intensity_target,mx_burpee_broad_jump_strength_power: missing intensity_target — intensityCost() would default it to moderate,Burpee Broad Jump,Strength-Power,force_power_reserve,6r: 5 explosive broad jumps + 5 controlled burpees,b1:Burpee Broad Jump 5reps|reps; b1:Burpee Broad Jump 5reps|reps,20,,,
mx_burpee_broad_jump_technique,intensity_target,mx_burpee_broad_jump_technique: missing intensity_target — intensityCost() would default it to moderate,Burpee Broad Jump,Technique,skill_economy,8 x 5 easy technique reps,b1:Burpee Broad Jump 5reps|reps,15,,,
mx_burpee_broad_jump_threshold,intensity_target,mx_burpee_broad_jump_threshold: missing intensity_target — intensityCost() would default it to moderate,Burpee Broad Jump,Threshold,sustainable_high_output,6 x 10 reps RPE 7 / 60s,b1:Burpee Broad Jump 10reps|reps,18,,,
mx_farmer_carry_base,intensity_target,mx_farmer_carry_base: missing intensity_target — intensityCost() would default it to moderate,Farmer Carry,Base,aerobic_local_durability,6 x 100m @ 60-70%,b1:Farmer Carry 100m|distance,20,,,
mx_farmer_carry_benchmark,intensity_target,mx_farmer_carry_benchmark: missing intensity_target — intensityCost() would default it to moderate,Farmer Carry,Benchmark,repeatable_test,200m benchmark @ race load,b1:Farmer Carry 200m|distance,12,,,
mx_farmer_carry_compromised,intensity_target,mx_farmer_carry_compromised: missing intensity_target — intensityCost() would default it to moderate,Farmer Carry,Compromised,compromised_station_work,4r: 600m run + 100m race load,b1:Run 600m|distance; b1:Farmer Carry 100m|distance,35,,,
mx_farmer_carry_density,intensity_target,mx_farmer_carry_density: missing intensity_target — intensityCost() would default it to moderate,,,,,,,,,
mx_farmer_carry_durability,intensity_target,mx_farmer_carry_durability: missing intensity_target — intensityCost() would default it to moderate,Farmer Carry,Durability,repeated_submax_durability,4 x 250m @ 70-80% / 90s,b1:Farmer Carry 250m|distance,30,,,
mx_farmer_carry_hybrid_a,intensity_target,mx_farmer_carry_hybrid_a: missing intensity_target — intensityCost() would default it to moderate,Farmer Carry,Hybrid A,complementary_hybrid,5r: 100m carry + 500m Row,b1:Farmer Carry 100m|distance; b1:RowErg 500m|distance,30,,,
mx_farmer_carry_hybrid_b,intensity_target,mx_farmer_carry_hybrid_b: missing intensity_target — intensityCost() would default it to moderate,Farmer Carry,Hybrid B,run_station_hybrid,4r: 400m run + 80m carry + 12 lunges,b1:Run 400m|distance; b1:Farmer Carry 80m|distance; b1:Sandbag Walking Lunge 12reps|reps,30,,,
mx_farmer_carry_micro,intensity_target,mx_farmer_carry_micro: missing intensity_target — intensityCost() would default it to moderate,,,,,,,,,
mx_farmer_carry_race_specific,intensity_target,mx_farmer_carry_race_specific: missing intensity_target — intensityCost() would default it to moderate,Farmer Carry,Race Specific,race_pacing,3 x 200m @ race load / 2m,b1:Farmer Carry 200m|distance,25,,,
mx_farmer_carry_strength_power,intensity_target,mx_farmer_carry_strength_power: missing intensity_target — intensityCost() would default it to moderate,Farmer Carry,Strength-Power,force_power_reserve,8 x 40m @ 110-130% / 90s,b1:Farmer Carry 40m|distance,20,,,
mx_farmer_carry_technique,intensity_target,mx_farmer_carry_technique: missing intensity_target — intensityCost() would default it to moderate,Farmer Carry,Technique,skill_economy,"8 x 40m @ 50-60%, posture/turns",b1:Farmer Carry|40|m|distance|50-60% race load,15,,,
mx_farmer_carry_threshold,intensity_target,mx_farmer_carry_threshold: missing intensity_target — intensityCost() would default it to moderate,Farmer Carry,Threshold,sustainable_high_output,5 x 100m @ 80-90% / 60s,b1:Farmer Carry 100m|distance,20,,,
mx_rowerg_base,intensity_target,mx_rowerg_base: missing intensity_target — intensityCost() would default it to moderate,RowErg,Base,aerobic_local_durability,30-45m steady RPE 3-4,,30,,,
mx_rowerg_benchmark,intensity_target,mx_rowerg_benchmark: missing intensity_target — intensityCost() would default it to moderate,RowErg,Benchmark,repeatable_test,1000m time trial,b1:RowErg 1000m|distance,15,,,
mx_rowerg_compromised,intensity_target,mx_rowerg_compromised: missing intensity_target — intensityCost() would default it to moderate,RowErg,Compromised,compromised_station_work,4r: 800m run + 750m Row,b1:Run 800m|distance; b1:RowErg 750m|distance,40,,,
mx_rowerg_density,intensity_target,mx_rowerg_density: missing intensity_target — intensityCost() would default it to moderate,RowErg,Density,work_density,20m EMOM: 200m Row / 10 WB / 80ft carry / 12 stepovers / easy,,20,,,
mx_rowerg_durability,intensity_target,mx_rowerg_durability: missing intensity_target — intensityCost() would default it to moderate,RowErg,Durability,repeated_submax_durability,5 x 1000m RPE 5-6 / 90s,b1:RowErg 1000m|distance,35,,,
mx_rowerg_hybrid_a,intensity_target,mx_rowerg_hybrid_a: missing intensity_target — intensityCost() would default it to moderate,RowErg,Hybrid A,complementary_hybrid,5r: 500m Row + 100ft carry,b1:RowErg 500m|distance; b1:Farmer Carry 100ft|distance,30,,,
mx_rowerg_hybrid_b,intensity_target,mx_rowerg_hybrid_b: missing intensity_target — intensityCost() would default it to moderate,RowErg,Hybrid B,run_station_hybrid,4r: 600m run + 500m Row + 15 WB,b1:Run 600m|distance; b1:RowErg 500m|distance; b1:Wall Ball 15reps|reps,30,,,
mx_rowerg_micro,intensity_target,mx_rowerg_micro: missing intensity_target — intensityCost() would default it to moderate,RowErg,Micro,minimum_effective_dose,12m: 250m Row + 10 air squats,,12,,,
mx_rowerg_race_specific,intensity_target,mx_rowerg_race_specific: missing intensity_target — intensityCost() would default it to moderate,RowErg,Race Specific,race_pacing,5 x 1000m RPE 6-7 / 2m,b1:RowErg 1000m|distance,35,,,
mx_rowerg_strength_power,intensity_target,mx_rowerg_strength_power: missing intensity_target — intensityCost() would default it to moderate,RowErg,Strength-Power,force_power_reserve,10 x 250m RPE 7 / 45s,b1:RowErg 250m|distance,20,,,
mx_rowerg_technique,review rejected,"review rejected — correction is prose, needs authoring",RowErg,Technique,skill_economy,3m @ 20/22/24/22 spm + 10m steady,,13,,,
mx_rowerg_threshold,intensity_target,mx_rowerg_threshold: missing intensity_target — intensityCost() would default it to moderate,RowErg,Threshold,sustainable_high_output,8 x 500m RPE 7 / 90s,b1:RowErg 500m|distance,30,,,
mx_sandbag_lunge_base,intensity_target,mx_sandbag_lunge_base: missing intensity_target — intensityCost() would default it to moderate,Sandbag Lunge,Base,aerobic_local_durability,5 x 40 steps @ 50-60%,b1:Sandbag Walking Lunge 40steps|reps,20,,,
mx_sandbag_lunge_benchmark,intensity_target,mx_sandbag_lunge_benchmark: missing intensity_target — intensityCost() would default it to moderate,Sandbag Lunge,Benchmark,repeatable_test,100m benchmark @ race load,b1:Sandbag Walking Lunge 100m|distance,12,,,
mx_sandbag_lunge_compromised,intensity_target,mx_sandbag_lunge_compromised: missing intensity_target — intensityCost() would default it to moderate,Sandbag Lunge,Compromised,compromised_station_work,4r: 600m run + 25m race load,b1:Run 600m|distance; b1:Sandbag Walking Lunge 25m|distance,35,,,
mx_sandbag_lunge_density,intensity_target,mx_sandbag_lunge_density: missing intensity_target — intensityCost() would default it to moderate,Sandbag Lunge,Density,work_density,15m: 16 steps + 200m Ski + 8 pushups,,15,,,
mx_sandbag_lunge_durability,intensity_target,mx_sandbag_lunge_durability: missing intensity_target — intensityCost() would default it to moderate,Sandbag Lunge,Durability,repeated_submax_durability,4 x 75m @ 65-75% / 90s,b1:Sandbag Walking Lunge 75m|distance,30,,,
mx_sandbag_lunge_hybrid_a,intensity_target,mx_sandbag_lunge_hybrid_a: missing intensity_target — intensityCost() would default it to moderate,Sandbag Lunge,Hybrid A,complementary_hybrid,4r: 25m lunges + 500m Row,b1:Sandbag Walking Lunge 25m|distance; b1:RowErg 500m|distance,30,,,
mx_sandbag_lunge_hybrid_b,intensity_target,mx_sandbag_lunge_hybrid_b: missing intensity_target — intensityCost() would default it to moderate,Sandbag Lunge,Hybrid B,run_station_hybrid,4r: 400m run + 20m lunges + 10 WB,b1:Run 400m|distance; b1:Sandbag Walking Lunge 20m|distance; b1:Wall Ball 10reps|reps,30,,,
mx_sandbag_lunge_micro,intensity_target,mx_sandbag_lunge_micro: missing intensity_target — intensityCost() would default it to moderate,Sandbag Lunge,Micro,minimum_effective_dose,12m: 12 lunges + 250m easy Row,,12,,,
mx_sandbag_lunge_race_specific,intensity_target,mx_sandbag_lunge_race_specific: missing intensity_target — intensityCost() would default it to moderate,Sandbag Lunge,Race Specific,race_pacing,3 x 100m @ race load / 2-3m,b1:Sandbag Walking Lunge 100m|distance,25,,,
mx_sandbag_lunge_strength_power,intensity_target,mx_sandbag_lunge_strength_power: missing intensity_target — intensityCost() would default it to moderate,Sandbag Lunge,Strength-Power,force_power_reserve,6 x 20 steps @ 100-120% / 90s,b1:Sandbag Walking Lunge 20steps|reps,20,,,
mx_sandbag_lunge_technique,intensity_target,mx_sandbag_lunge_technique: missing intensity_target — intensityCost() would default it to moderate,Sandbag Lunge,Technique,skill_economy,6 x 20 steps light technique,b1:Sandbag Walking Lunge 20steps|reps,15,,,
mx_sandbag_lunge_threshold,intensity_target,mx_sandbag_lunge_threshold: missing intensity_target — intensityCost() would default it to moderate,Sandbag Lunge,Threshold,sustainable_high_output,5 x 30m @ 75-85% / 60s,b1:Sandbag Walking Lunge 30m|distance,20,,,
mx_skierg_base,intensity_target,mx_skierg_base: missing intensity_target — intensityCost() would default it to moderate,,,,,,,,,
mx_skierg_benchmark,intensity_target,mx_skierg_benchmark: missing intensity_target — intensityCost() would default it to moderate,SkiErg,Benchmark,repeatable_test,1000m time trial,b1:SkiErg 1000m|distance,15,,,
mx_skierg_compromised,intensity_target,mx_skierg_compromised: missing intensity_target — intensityCost() would default it to moderate,SkiErg,Compromised,compromised_station_work,4r: 800m run + 750m Ski,b1:Run 800m|distance; b1:SkiErg 750m|distance,40,,,
mx_skierg_density,intensity_target,mx_skierg_density: missing intensity_target — intensityCost() would default it to moderate,SkiErg,Density,work_density,20m EMOM: 200m Ski / 10 WB / 40m carry / easy,,20,,,
mx_skierg_durability,intensity_target,mx_skierg_durability: missing intensity_target — intensityCost() would default it to moderate,SkiErg,Durability,repeated_submax_durability,5 x 1000m RPE 5-6 / 90s easy,b1:SkiErg 1000m|distance,35,,,
mx_skierg_hybrid_a,intensity_target,mx_skierg_hybrid_a: missing intensity_target — intensityCost() would default it to moderate,SkiErg,Hybrid A,complementary_hybrid,5r: 500m Ski + 500m Row,b1:SkiErg 500m|distance; b1:RowErg 500m|distance,30,,,
mx_skierg_hybrid_b,intensity_target,mx_skierg_hybrid_b: missing intensity_target — intensityCost() would default it to moderate,SkiErg,Hybrid B,run_station_hybrid,4r: 600m run + 400m Ski + 12 wall balls,b1:Run 600m|distance; b1:SkiErg 400m|distance; b1:Wall Ball 12reps|reps,30,,,
mx_skierg_micro,intensity_target,mx_skierg_micro: missing intensity_target — intensityCost() would default it to moderate,SkiErg,Micro,minimum_effective_dose,12m: 250m Ski + 10 air squats,,12,,,
mx_skierg_race_specific,intensity_target,mx_skierg_race_specific: missing intensity_target — intensityCost() would default it to moderate,SkiErg,Race Specific,race_pacing,4 x 1000m controlled / 2m easy,b1:SkiErg 1000m|distance,30,,,
mx_skierg_strength_power,intensity_target,mx_skierg_strength_power: missing intensity_target — intensityCost() would default it to moderate,SkiErg,Strength-Power,force_power_reserve,10 x 20 hard strokes / 70s easy,b1:SkiErg 20reps|reps,15,,,
mx_skierg_technique,intensity_target,mx_skierg_technique: missing intensity_target — intensityCost() would default it to moderate,SkiErg,Technique,skill_economy,6 x 2 min technique @ easy-moderate,b1:SkiErg 2min|duration,20,,,
mx_skierg_threshold,intensity_target,mx_skierg_threshold: missing intensity_target — intensityCost() would default it to moderate,SkiErg,Threshold,sustainable_high_output,6 x 500m RPE 7 / 90s easy,b1:SkiErg 500m|distance,25,,,
mx_sled_pull_base,intensity_target,mx_sled_pull_base: missing intensity_target — intensityCost() would default it to moderate,Sled Pull,Base,aerobic_local_durability,10 x 20ft @ 60-70%,b1:Sled Pull 20ft|distance,18,,,
mx_sled_pull_benchmark,intensity_target,mx_sled_pull_benchmark: missing intensity_target — intensityCost() would default it to moderate,Sled Pull,Benchmark,repeatable_test,50m @ race load time trial,b1:Sled Pull 50m|distance,10,,,
mx_sled_pull_compromised,intensity_target,mx_sled_pull_compromised: missing intensity_target — intensityCost() would default it to moderate,Sled Pull,Compromised,compromised_station_work,4r: 600m run + 40ft @ race load,b1:Run 600m|distance; b1:Sled Pull 40ft|distance,35,,,
mx_sled_pull_density,undefined exercise,"no exercise named ""TRX Row"" in the library",Sled Pull,Density,work_density,15m: 40ft pull / 10 TRX rows / easy,b1:Sled Pull|40|ft|distance; b1:TRX Row|10|reps|reps,15,,,
mx_sled_pull_durability,intensity_target,mx_sled_pull_durability: missing intensity_target — intensityCost() would default it to moderate,Sled Pull,Durability,repeated_submax_durability,10 x 40ft @ 65-75% / 45s,b1:Sled Pull 40ft|distance,25,,,
mx_sled_pull_hybrid_a,intensity_target,mx_sled_pull_hybrid_a: missing intensity_target — intensityCost() would default it to moderate,Sled Pull,Hybrid A,complementary_hybrid,5r: 40ft pull + 300m Ski,b1:Sled Pull 40ft|distance; b1:SkiErg 300m|distance,22,,,
mx_sled_pull_hybrid_b,intensity_target,mx_sled_pull_hybrid_b: missing intensity_target — intensityCost() would default it to moderate,Sled Pull,Hybrid B,run_station_hybrid,4r: 400m run + 40ft pull + 80ft carry,b1:Run 400m|distance; b1:Sled Pull 40ft|distance; b1:Farmer Carry 80ft|distance,30,,,
mx_sled_pull_micro,intensity_target,mx_sled_pull_micro: missing intensity_target — intensityCost() would default it to moderate,Sled Pull,Micro,minimum_effective_dose,10m: 20ft @ 70% every minute,b1:Sled Pull|20|ft|distance|70% race load,10,,,
mx_sled_pull_race_specific,intensity_target,mx_sled_pull_race_specific: missing intensity_target — intensityCost() would default it to moderate,Sled Pull,Race Specific,race_pacing,5 x 40ft @ race load,b1:Sled Pull 40ft|distance,20,,,
mx_sled_pull_strength_power,intensity_target,mx_sled_pull_strength_power: missing intensity_target — intensityCost() would default it to moderate,Sled Pull,Strength-Power,force_power_reserve,"8 x 20ft @ 90-110%, full recovery",b1:Sled Pull 20ft|distance,20,,,
mx_sled_pull_technique,intensity_target,mx_sled_pull_technique: missing intensity_target — intensityCost() would default it to moderate,Sled Pull,Technique,skill_economy,"8 x 20ft @ 50-60%, rope/rhythm technique",b1:Sled Pull|20|ft|distance|50-60% race load,15,,,
mx_sled_pull_threshold,intensity_target,mx_sled_pull_threshold: missing intensity_target — intensityCost() would default it to moderate,Sled Pull,Threshold,sustainable_high_output,6r: 40ft @ 75-85% + 60s easy bike,b1:Sled Pull 40ft|distance; b1:Spin Bike 60s|duration,20,,,
mx_sled_push_base,intensity_target,mx_sled_push_base: missing intensity_target — intensityCost() would default it to moderate,Sled Push,Base,aerobic_local_durability,10 x 20ft @ 60-70%,b1:Sled Push 20ft|distance,18,,,
mx_sled_push_benchmark,intensity_target,mx_sled_push_benchmark: missing intensity_target — intensityCost() would default it to moderate,Sled Push,Benchmark,repeatable_test,50m @ race load time trial,b1:Sled Push 50m|distance,10,,,
mx_sled_push_compromised,intensity_target,mx_sled_push_compromised: missing intensity_target — intensityCost() would default it to moderate,Sled Push,Compromised,compromised_station_work,4r: 600m run + 40ft @ race load,b1:Run 600m|distance; b1:Sled Push 40ft|distance,35,,,
mx_sled_push_density,intensity_target,mx_sled_push_density: missing intensity_target — intensityCost() would default it to moderate,,,,,,,,,
mx_sled_push_durability,intensity_target,mx_sled_push_durability: missing intensity_target — intensityCost() would default it to moderate,Sled Push,Durability,repeated_submax_durability,10 x 40ft @ 65-75% / 45s,b1:Sled Push 40ft|distance,25,,,
mx_sled_push_hybrid_a,intensity_target,mx_sled_push_hybrid_a: missing intensity_target — intensityCost() would default it to moderate,Sled Push,Hybrid A,complementary_hybrid,5r: 40ft push + 300m Row,b1:Sled Push 40ft|distance; b1:RowErg 300m|distance,22,,,
mx_sled_push_hybrid_b,intensity_target,mx_sled_push_hybrid_b: missing intensity_target — intensityCost() would default it to moderate,Sled Push,Hybrid B,run_station_hybrid,4r: 400m run + 40ft push + 20 lunges,b1:Run 400m|distance; b1:Sled Push 40ft|distance; b1:Sandbag Walking Lunge 20reps|reps,30,,,
mx_sled_push_micro,intensity_target,mx_sled_push_micro: missing intensity_target — intensityCost() would default it to moderate,Sled Push,Micro,minimum_effective_dose,10m: 20ft @ 70% every minute,b1:Sled Push|20|ft|distance|70% race load,10,,,
mx_sled_push_race_specific,intensity_target,mx_sled_push_race_specific: missing intensity_target — intensityCost() would default it to moderate,Sled Push,Race Specific,race_pacing,5 x 40ft @ race load,b1:Sled Push 40ft|distance,20,,,
mx_sled_push_strength_power,intensity_target,mx_sled_push_strength_power: missing intensity_target — intensityCost() would default it to moderate,Sled Push,Strength-Power,force_power_reserve,"8 x 20ft @ 90-110%, full recovery",b1:Sled Push 20ft|distance,20,,,
mx_sled_push_technique,intensity_target,mx_sled_push_technique: missing intensity_target — intensityCost() would default it to moderate,Sled Push,Technique,skill_economy,"8 x 20ft @ 50-60% race load, technique",b1:Sled Push 20ft|distance,15,,,
mx_sled_push_threshold,intensity_target,mx_sled_push_threshold: missing intensity_target — intensityCost() would default it to moderate,Sled Push,Threshold,sustainable_high_output,6r: 40ft @ 75-85% + 60s easy bike,b1:Sled Push 40ft|distance; b1:Spin Bike 60s|duration,20,,,
mx_wall_ball_base,intensity_target,mx_wall_ball_base: missing intensity_target — intensityCost() would default it to moderate,Wall Ball,Base,aerobic_local_durability,10 x 15 @ 50-75% race ball,b1:Wall Ball 15reps|reps,20,,,
mx_wall_ball_benchmark,intensity_target,mx_wall_ball_benchmark: missing intensity_target — intensityCost() would default it to moderate,Wall Ball,Benchmark,repeatable_test,100 WB benchmark,b1:Wall Ball 100reps|reps,12,,,
mx_wall_ball_compromised,intensity_target,mx_wall_ball_compromised: missing intensity_target — intensityCost() would default it to moderate,Wall Ball,Compromised,compromised_station_work,4r: 600m run + 25 WB,b1:Run 600m|distance; b1:Wall Ball 25reps|reps,35,,,
mx_wall_ball_density,intensity_target,mx_wall_ball_density: missing intensity_target — intensityCost() would default it to moderate,Wall Ball,Density,work_density,15m EMOM: 12 WB / 200m Row / 10 stepovers,,15,,,
mx_wall_ball_durability,intensity_target,mx_wall_ball_durability: missing intensity_target — intensityCost() would default it to moderate,Wall Ball,Durability,repeated_submax_durability,5 x 30 @ race ball / 75s,b1:Wall Ball 30reps|reps,25,,,
mx_wall_ball_hybrid_a,intensity_target,mx_wall_ball_hybrid_a: missing intensity_target — intensityCost() would default it to moderate,Wall Ball,Hybrid A,complementary_hybrid,5r: 15 WB + 400m Ski,b1:Wall Ball 15reps|reps; b1:SkiErg 400m|distance,25,,,
mx_wall_ball_hybrid_b,intensity_target,mx_wall_ball_hybrid_b: missing intensity_target — intensityCost() would default it to moderate,Wall Ball,Hybrid B,run_station_hybrid,4r: 400m run + 15 WB + 80ft carry,b1:Run 400m|distance; b1:Wall Ball 15reps|reps; b1:Farmer Carry 80ft|distance,30,,,
mx_wall_ball_micro,intensity_target,mx_wall_ball_micro: missing intensity_target — intensityCost() would default it to moderate,Wall Ball,Micro,minimum_effective_dose,12m: 10 WB + 200m Row,,12,,,
mx_wall_ball_race_specific,intensity_target,mx_wall_ball_race_specific: missing intensity_target — intensityCost() would default it to moderate,Wall Ball,Race Specific,race_pacing,3 x 50 @ race ball / 2m,b1:Wall Ball 50reps|reps,25,,,
mx_wall_ball_strength_power,intensity_target,mx_wall_ball_strength_power: missing intensity_target — intensityCost() would default it to moderate,Wall Ball,Strength-Power,force_power_reserve,6 x 10 heavy WB/thrusters / 75-90s,b1:Wall Ball 10reps|reps,20,,,
mx_wall_ball_technique,intensity_target,mx_wall_ball_technique: missing intensity_target — intensityCost() would default it to moderate,Wall Ball,Technique,skill_economy,8 x 10 light technique reps,b1:Wall Ball 10reps|reps,15,,,
mx_wall_ball_threshold,intensity_target,mx_wall_ball_threshold: missing intensity_target — intensityCost() would default it to moderate,Wall Ball,Threshold,sustainable_high_output,6 x 20 @ race ball / 60s,b1:Wall Ball 20reps|reps,20,,,
run_1k_repeats_03,per-block rounds/rest,"b1 intensity ""same target pace x5 with recoveries 120/105/90/75 sec"" still carries structure the sheet has no field for",,1K Repeats,hyrox_run_pacing,5x1K same target pace; recovery 2:00/1:45/1:30/1:15,b1:Run|1000|m|distance|same target pace x5 with recoveries 120/105/90/75 sec,48,,,
run_easy_base_03,per-block rounds/rest,"b2 intensity ""stride x6 with 60sec easy recovery"" still carries structure the sheet has no field for",,Easy Base,aerobic_base,30m easy + 6x20s strides/60s easy + cooldown,b1:Run|30|min|duration|easy; b2:Run|20|sec|duration|stride x6 with 60sec easy recovery; b3:Run|2|min|duration|easy cooldown,40,,,
run_incline_hills_01,per-block rounds/rest,"b2 intensity ""3-5% incline x8 with 90sec flat easy recovery"" still carries structure the sheet has no field for",,Incline / Hills,strength_endurance,10m easy + 8x2m @ 3-5% incline/90s easy flat + cooldown,b1:Run|10|min|duration|easy flat; b2:Run|2|min|duration|3-5% incline x8 with 90sec flat easy recovery; b3:Run|4|min|duration|easy cooldown,42,,,
run_incline_hills_02,per-block rounds/rest,"b2 intensity ""uphill strong x10 with 90sec easy return"" still carries structure the sheet has no field for",,Incline / Hills,strength_endurance,10x60s uphill strong/90s easy return; warm-up/cooldown,b1:Run|10|min|duration|easy warm-up; b2:Run|60|sec|duration|uphill strong x10 with 90sec easy return; b3:Run|5|min|duration|easy cooldown,40,,,
run_low_impact_run_substitute_01,review rejected,"review rejected — correction is prose, needs authoring",,Low-Impact Run Substitute,aerobic_maintenance,40m spin bike: 10m easy + 5x4m steady-hard/2m easy,,40,,,
run_low_impact_run_substitute_02,review rejected,"review rejected — correction is prose, needs authoring",,Low-Impact Run Substitute,aerobic_maintenance,30m SkiErg steady aerobic with 6x1m moderate surges,,30,,,
run_micro_run_02,per-block rounds/rest,"b2 intensity ""moderate x5 with 60sec easy recovery"" still carries structure the sheet has no field for",,Micro Run,minimum_effective_dose,3m easy + 5x1m moderate/1m easy + brief cooldown,b1:Run|3|min|duration|easy; b2:Run|1|min|duration|moderate x5 with 60sec easy recovery; b3:Run|2|min|duration|easy cooldown,15,,,
run_short_intervals_01,review rejected,"review rejected — correction is prose, needs authoring",,Short Intervals,speed_endurance,12x400m at strong controlled effort; 60s easy,,45,,,
run_short_intervals_02,review rejected,"review rejected — correction is prose, needs authoring",,Short Intervals,speed_endurance,10x1m fast/1m easy inside 35m total,,35,,,
run_taper_sharpen_01,per-block rounds/rest,"b2 intensity ""crisp race feel x4 with 120sec easy recovery"" still carries structure the sheet has no field for",,Taper / Sharpen,race_sharpening,15m easy + 4x400m at crisp race feel/2m easy + cooldown,b1:Run|15|min|duration|easy; b2:Run|400|m|distance|crisp race feel x4 with 120sec easy recovery; b3:Run|5|min|duration|easy cooldown,35,,,
run_taper_sharpen_02,per-block rounds/rest,"b2 intensity ""planned HYROX pace x3 with 180sec easy recovery"" still carries structure the sheet has no field for",,Taper / Sharpen,race_sharpening,10m easy + 3x1K at planned HYROX pace/3m easy + cooldown,b1:Run|10|min|duration|easy; b2:Run|1000|m|distance|planned HYROX pace x3 with 180sec easy recovery; b3:Run|5|min|duration|easy cooldown,38,,,
run_taper_sharpen_03,review rejected,"review rejected — correction is prose, needs authoring",,Taper / Sharpen,race_sharpening,10m easy + 4x20s strides + 2x1m race pace + easy finish,,20,,,
run_technique_mechanics_01,undefined exercise + per-block rounds/rest,"no exercise named ""Run Drill"" in the library | b3 intensity ""relaxed stride x6 with 60sec walk-jog recovery"" still carries structure the sheet has no field for",,Technique / Mechanics,running_economy,10m easy + drills + 6x20s relaxed strides/60s walk-jog + easy finish,b1:Run|10|min|duration|easy; b2:Run Drill|5|min|duration|mechanics; b3:Run|20|sec|duration|relaxed stride x6 with 60sec walk-jog recovery; b4:Run|3|min|duration|easy finish,30,,,
run_technique_mechanics_03,review rejected,"review rejected — correction is prose, needs authoring",,Technique / Mechanics,running_economy,3r: 6m easy-moderate run + 4x20s relaxed strides; 90s walk between rounds,,32,,,
run_tempo_01,per-block rounds/rest,"b2 intensity ""tempo x3 with 120sec easy recovery"" still carries structure the sheet has no field for",,Tempo,tempo_endurance,10m easy + 3x8m tempo/2m easy + cooldown,b1:Run|10|min|duration|easy; b2:Run|8|min|duration|tempo x3 with 120sec easy recovery; b3:Run|5|min|duration|easy cooldown,45,,,
run_tempo_02,per-block rounds/rest,"b2 intensity ""tempo x2 with 180sec easy recovery"" still carries structure the sheet has no field for",,Tempo,tempo_endurance,10m easy + 2x12m tempo/3m easy + cooldown,b1:Run|10|min|duration|easy; b2:Run|12|min|duration|tempo x2 with 180sec easy recovery; b3:Run|8|min|duration|easy cooldown,45,,,
run_threshold_01,per-block rounds/rest,"b2 intensity ""threshold x5 with 120sec easy recovery"" still carries structure the sheet has no field for",,Threshold,lactate_threshold,12m easy + 5x5m threshold/2m easy + cooldown,b1:Run|12|min|duration|easy; b2:Run|5|min|duration|threshold x5 with 120sec easy recovery; b3:Run|5|min|duration|easy cooldown,50,,,
run_threshold_02,per-block rounds/rest,"b2 intensity ""threshold x4 with 120sec easy recovery"" still carries structure the sheet has no field for",,Threshold,lactate_threshold,12m easy + 4x6m threshold/2m easy + cooldown,b1:Run|12|min|duration|easy; b2:Run|6|min|duration|threshold x4 with 120sec easy recovery; b3:Run|6|min|duration|easy cooldown,48,,,
run_threshold_03,per-block rounds/rest,"b2 intensity ""threshold x3 with 180sec easy recovery"" still carries structure the sheet has no field for",,Threshold,lactate_threshold,12m easy + 3x1 mile threshold/3m easy + cooldown,b1:Run|12|min|duration|easy; b2:Run|1|mile|distance|threshold x3 with 180sec easy recovery; b3:Run|6|min|duration|easy cooldown,55,,,
run_treadmill_control_03,per-block rounds/rest,"b1 intensity ""2-3% incline repeat x6"" still carries structure the sheet has no field for",,Treadmill Control,pace_control,6r: 3m flat steady + 2m @ 2-3% incline; easy cooldown,b1:Run|3|min|duration|flat steady + Run|2|min|duration|2-3% incline repeat x6; b2:Run|10|min|duration|easy cooldown,40,,,
