workout_id,station,category,stimulus,source_prescription,parsed_items,block_shape,inferred_unit,reason,estimated_minutes,timed_total_minutes,confidence,APPROVE_Y_N,CORRECTED_NOTES
mx_skierg_micro,SkiErg,Micro,minimum_effective_dose,12m: 250m Ski + 10 air squats,b1:SkiErg 250m(distance) + b1:Air Squat 10reps(reps),continuous rounds=- dur=12 rest=-,250m->m (ex_skierg),"read ""250m"" as metres for ex_skierg on magnitude",12,12,magnitude-inferred,,
mx_skierg_density,SkiErg,Density,work_density,20m EMOM: 200m Ski / 10 WB / 40m carry / easy,b1:SkiErg 200m(distance) + b1:Wall Ball 10reps(reps) + b1:Farmer Carry 40m(distance),continuous rounds=- dur=20 rest=-,200m->m (ex_skierg),"read ""200m"" as metres for ex_skierg on magnitude",20,20,magnitude-inferred,,
mx_burpee_broad_jump_density,Burpee Broad Jump,Density,work_density,15m EMOM: 6 BBJ / 200m Ski / easy,b1:Burpee Broad Jump 6reps(reps) + b1:SkiErg 200m(distance),continuous rounds=- dur=15 rest=-,200m->m (ex_skierg),"read ""200m"" as metres for ex_skierg on magnitude",15,15,magnitude-inferred,,
mx_rowerg_technique,RowErg,Technique,skill_economy,3m @ 20/22/24/22 spm + 10m steady,b1:RowErg 3min(duration) + b2:RowErg 10min(duration),continuous rounds=- dur=3 rest=- >> continuous rounds=- dur=10 rest=-,3m->min (ex_rowerg); 10m->min (ex_rowerg),"read ""3m"" as minutes for ex_rowerg on magnitude; read ""10m"" as minutes for ex_rowerg on magnitude",13,13,magnitude-inferred,,
mx_rowerg_base,RowErg,Base,aerobic_local_durability,30-45m steady RPE 3-4,b1:RowErg 30min(duration),continuous rounds=- dur=30 rest=-,30m->min (ex_rowerg),"read ""30m"" as minutes for ex_rowerg on magnitude",30,30,magnitude-inferred,,
mx_rowerg_micro,RowErg,Micro,minimum_effective_dose,12m: 250m Row + 10 air squats,b1:RowErg 250m(distance) + b1:Air Squat 10reps(reps),continuous rounds=- dur=12 rest=-,250m->m (ex_rowerg),"read ""250m"" as metres for ex_rowerg on magnitude",12,12,magnitude-inferred,,
mx_rowerg_density,RowErg,Density,work_density,20m EMOM: 200m Row / 10 WB / 80ft carry / 12 stepovers / easy,b1:RowErg 200m(distance) + b1:Wall Ball 10reps(reps) + b1:Farmer Carry 80ft(distance) + b1:Box Step-Over 12reps(reps),continuous rounds=- dur=20 rest=-,200m->m (ex_rowerg),"read ""200m"" as metres for ex_rowerg on magnitude",20,20,magnitude-inferred,,
mx_sandbag_lunge_micro,Sandbag Lunge,Micro,minimum_effective_dose,12m: 12 lunges + 250m easy Row,b1:Sandbag Walking Lunge 12reps(reps) + b1:RowErg 250m(distance),continuous rounds=- dur=12 rest=-,250m->m (ex_rowerg),"read ""250m"" as metres for ex_rowerg on magnitude",12,12,magnitude-inferred,,
mx_sandbag_lunge_density,Sandbag Lunge,Density,work_density,15m: 16 steps + 200m Ski + 8 pushups,b1:Sandbag Walking Lunge 16steps(reps) + b1:SkiErg 200m(distance) + b1:Push-Up 8reps(reps),continuous rounds=- dur=15 rest=-,200m->m (ex_skierg),"read ""200m"" as metres for ex_skierg on magnitude",15,15,magnitude-inferred,,
mx_wall_ball_micro,Wall Ball,Micro,minimum_effective_dose,12m: 10 WB + 200m Row,b1:Wall Ball 10reps(reps) + b1:RowErg 200m(distance),continuous rounds=- dur=12 rest=-,200m->m (ex_rowerg),"read ""200m"" as metres for ex_rowerg on magnitude",12,12,magnitude-inferred,,
mx_wall_ball_density,Wall Ball,Density,work_density,15m EMOM: 12 WB / 200m Row / 10 stepovers,b1:Wall Ball 12reps(reps) + b1:RowErg 200m(distance) + b1:Box Step-Over 10reps(reps),continuous rounds=- dur=15 rest=-,200m->m (ex_rowerg),"read ""200m"" as metres for ex_rowerg on magnitude",15,15,magnitude-inferred,,
run_technique_mechanics_02,,Technique / Mechanics,running_economy,10m easy; 6x2m smooth cadence focus/1m easy; 7m easy,b1:Run 10min(duration) + b2:Run 2min(duration) + b3:Run 7min(duration),continuous rounds=- dur=10 rest=- >> rounds rounds=6 dur=- rest=60 >> continuous rounds=- dur=7 rest=-,10m->min (ex_run); 2m->min (ex_run); 7m->min (ex_run),"read ""10m"" as minutes for ex_run on magnitude; read ""2m"" as minutes for ex_run on magnitude; read ""7m"" as minutes for ex_run on magnitude",35,17,magnitude-inferred,,
run_technique_mechanics_03,,Technique / Mechanics,running_economy,3r: 6m easy-moderate run + 4x20s relaxed strides; 90s walk between rounds,b1:Run 6min(duration) + b1:Incline Walk 4s(duration),rounds rounds=3 dur=- rest=-,6m->min (ex_run),"read ""6m"" as minutes for ex_run on magnitude",32,,magnitude-inferred,,
run_return_to_run_01,,Return-to-Run,impact_tolerance,10 rounds: 1m easy run + 2m brisk walk; stop if mechanics/symptoms deteriorate,b1:Run 1min(duration) + b1:Incline Walk 2min(duration),rounds rounds=10 dur=- rest=-,1m->min (ex_run),"read ""1m"" as minutes for ex_run on magnitude",30,,magnitude-inferred,,
run_return_to_run_02,,Return-to-Run,impact_tolerance,10 rounds: 2m easy run + 1m walk,b1:Run 2min(duration) + b1:Incline Walk 1min(duration),rounds rounds=10 dur=- rest=-,2m->min (ex_run),"read ""2m"" as minutes for ex_run on magnitude",30,,magnitude-inferred,,
run_return_to_run_03,,Return-to-Run,impact_tolerance,5m walk; 3x7m easy run/2m walk; 4m easy walk,b1:Incline Walk 5min(duration) + b2:Run 7min(duration) + b3:Incline Walk 4min(duration),continuous rounds=- dur=5 rest=- >> rounds rounds=3 dur=- rest=120 >> continuous rounds=- dur=4 rest=-,7m->min (ex_run),"read ""7m"" as minutes for ex_run on magnitude",30,9,magnitude-inferred,,
run_long_aerobic_03,,Long Aerobic,aerobic_durability,50m easy + 15m steady RPE 5 + 5m easy,b1:Run 50min(duration) + b2:Run 15min(duration) + b3:Run 5min(duration),continuous rounds=- dur=50 rest=- >> continuous rounds=- dur=15 rest=- >> continuous rounds=- dur=5 rest=-,50m->min (ex_run); 15m->min (ex_run); 5m->min (ex_run),"read ""50m"" as minutes for ex_run on magnitude; read ""15m"" as minutes for ex_run on magnitude; read ""5m"" as minutes for ex_run on magnitude",70,70,magnitude-inferred,,
run_progression_01,,Progression,aerobic_strength,15m easy + 15m steady + 10m moderate; finish controlled,b1:Run 15min(duration) + b2:Run 15min(duration) + b3:Run 10min(duration),continuous rounds=- dur=15 rest=- >> continuous rounds=- dur=15 rest=- >> continuous rounds=- dur=10 rest=-,15m->min (ex_run); 15m->min (ex_run); 10m->min (ex_run),"read ""15m"" as minutes for ex_run on magnitude; read ""15m"" as minutes for ex_run on magnitude; read ""10m"" as minutes for ex_run on magnitude",40,40,magnitude-inferred,,
run_progression_02,,Progression,aerobic_strength,20m easy + 15m steady + 10m moderate + 5m easy,b1:Run 20min(duration) + b2:Run 15min(duration) + b3:Run 10min(duration) + b4:Run 5min(duration),continuous rounds=- dur=20 rest=- >> continuous rounds=- dur=15 rest=- >> continuous rounds=- dur=10 rest=- >> continuous rounds=- dur=5 rest=-,20m->min (ex_run); 15m->min (ex_run); 10m->min (ex_run); 5m->min (ex_run),"read ""20m"" as minutes for ex_run on magnitude; read ""15m"" as minutes for ex_run on magnitude; read ""10m"" as minutes for ex_run on magnitude; read ""5m"" as minutes for ex_run on magnitude",50,50,magnitude-inferred,,
run_tempo_03,,Tempo,tempo_endurance,12m easy + 20m controlled tempo + 8m easy,b1:Run 12min(duration) + b2:Run 20min(duration) + b3:Run 8min(duration),continuous rounds=- dur=12 rest=- >> continuous rounds=- dur=20 rest=- >> continuous rounds=- dur=8 rest=-,12m->min (ex_run); 20m->min (ex_run); 8m->min (ex_run),"read ""12m"" as minutes for ex_run on magnitude; read ""20m"" as minutes for ex_run on magnitude; read ""8m"" as minutes for ex_run on magnitude",40,40,magnitude-inferred,,
run_short_intervals_01,,Short Intervals,speed_endurance,12x400m at strong controlled effort; 60s easy,b1:Run 400m(distance) + b2:Run 60s(duration),rounds rounds=12 dur=- rest=- >> continuous rounds=- dur=- rest=-,400m->m (ex_run),"read ""400m"" as metres for ex_run on magnitude",45,,magnitude-inferred,,
run_short_intervals_02,,Short Intervals,speed_endurance,10x1m fast/1m easy inside 35m total,b1:Run 1min(duration),rounds rounds=10 dur=- rest=-,1m->min (ex_run),"read ""1m"" as minutes for ex_run on magnitude",35,,magnitude-inferred,,
run_short_intervals_03,,Short Intervals,speed_endurance,8x2m fast/90s easy; equal-quality reps,b1:Run 2min(duration),rounds rounds=8 dur=- rest=90,2m->min (ex_run),"read ""2m"" as minutes for ex_run on magnitude",40,,magnitude-inferred,,
run_incline_hills_03,,Incline / Hills,strength_endurance,5r: 4m @ 2-4% incline RPE5 + 3m flat easy,b1:Run 4min(duration) + b1:Run 3min(duration),rounds rounds=5 dur=- rest=-,4m->min (ex_run); 3m->min (ex_run),"read ""4m"" as minutes for ex_run on magnitude; read ""3m"" as minutes for ex_run on magnitude",40,,magnitude-inferred,,
run_compromised_run_01,,Compromised Run,compromised_running,4r: 500m SkiErg + 800m run; hold run form and pace,b1:SkiErg 500m(distance) + b1:Run 800m(distance),rounds rounds=4 dur=- rest=-,500m->m (ex_skierg); 800m->m (ex_run),"read ""500m"" as metres for ex_skierg on magnitude; read ""800m"" as metres for ex_run on magnitude",45,,magnitude-inferred,,
run_compromised_run_02,,Compromised Run,compromised_running,4r: 500m RowErg + 800m run,b1:RowErg 500m(distance) + b1:Run 800m(distance),rounds rounds=4 dur=- rest=-,500m->m (ex_rowerg); 800m->m (ex_run),"read ""500m"" as metres for ex_rowerg on magnitude; read ""800m"" as metres for ex_run on magnitude",45,,magnitude-inferred,,
run_compromised_run_03,,Compromised Run,compromised_running,5r: 100m farmer carry + 600m run,b1:Farmer Carry 100m(distance) + b1:Run 600m(distance),rounds rounds=5 dur=- rest=-,600m->m (ex_run),"read ""600m"" as metres for ex_run on magnitude",42,,magnitude-inferred,,
run_station_to_run_01,,Station-to-Run,transition_running,4r: 40ft sled push @ race-relative load + 800m run,b1:Sled Push 40ft(distance) + b1:Run 800m(distance),rounds rounds=4 dur=- rest=-,800m->m (ex_run),"read ""800m"" as metres for ex_run on magnitude",45,,magnitude-inferred,,
run_station_to_run_02,,Station-to-Run,transition_running,4r: 25m sandbag lunge + 800m run,b1:Sandbag Walking Lunge 25m(distance) + b1:Run 800m(distance),rounds rounds=4 dur=- rest=-,800m->m (ex_run),"read ""800m"" as metres for ex_run on magnitude",45,,magnitude-inferred,,
run_station_to_run_03,,Station-to-Run,transition_running,4r: 20 wall balls + 800m run,b1:Wall Ball 20reps(reps) + b1:Run 800m(distance),rounds rounds=4 dur=- rest=-,800m->m (ex_run),"read ""800m"" as metres for ex_run on magnitude",42,,magnitude-inferred,,
run_run_to_station_01,,Run-to-Station,race_specific,4r: 1K run + 500m SkiErg,b1:Run 1000m(distance) + b1:SkiErg 500m(distance),rounds rounds=4 dur=- rest=-,500m->m (ex_skierg),"read ""500m"" as metres for ex_skierg on magnitude",50,,magnitude-inferred,,
run_run_to_station_02,,Run-to-Station,race_specific,4r: 1K run + 500m RowErg,b1:Run 1000m(distance) + b1:RowErg 500m(distance),rounds rounds=4 dur=- rest=-,500m->m (ex_rowerg),"read ""500m"" as metres for ex_rowerg on magnitude",50,,magnitude-inferred,,
run_run_to_station_03,,Run-to-Station,race_specific,4r: 800m run + 20 wall balls,b1:Run 800m(distance) + b1:Wall Ball 20reps(reps),rounds rounds=4 dur=- rest=-,800m->m (ex_run),"read ""800m"" as metres for ex_run on magnitude",45,,magnitude-inferred,,
run_low_impact_run_substitute_01,,Low-Impact Run Substitute,aerobic_maintenance,40m spin bike: 10m easy + 5x4m steady-hard/2m easy,b1:Spin Bike 40min(duration) + b2:Run 4min(duration),continuous rounds=- dur=40 rest=- >> rounds rounds=5 dur=- rest=120,4m->min (ex_run),"read ""4m"" as minutes for ex_run on magnitude",40,40,magnitude-inferred,,
run_low_impact_run_substitute_02,,Low-Impact Run Substitute,aerobic_maintenance,30m SkiErg steady aerobic with 6x1m moderate surges,b1:SkiErg 30min(duration),continuous rounds=- dur=30 rest=-,30m->min (ex_skierg),"read ""30m"" as minutes for ex_skierg on magnitude",30,30,magnitude-inferred,,
run_low_impact_run_substitute_03,,Low-Impact Run Substitute,aerobic_maintenance,"3r: 7m bike + 4m row + 4m Ski, all aerobic",b1:Spin Bike 7min(duration) + b1:RowErg 4min(duration) + b1:SkiErg 4min(duration),rounds rounds=3 dur=- rest=-,4m->min (ex_rowerg); 4m->min (ex_skierg),"read ""4m"" as minutes for ex_rowerg on magnitude; read ""4m"" as minutes for ex_skierg on magnitude",45,,magnitude-inferred,,
run_micro_run_03,,Micro Run,minimum_effective_dose,3r: 4m run RPE5 + 10 wall balls + 1m easy,b1:Run 4min(duration) + b1:Wall Ball 10reps(reps) + b1:Run 1min(duration),rounds rounds=3 dur=- rest=-,4m->min (ex_run); 1m->min (ex_run),"read ""4m"" as minutes for ex_run on magnitude; read ""1m"" as minutes for ex_run on magnitude",18,,magnitude-inferred,,
run_taper_sharpen_03,,Taper / Sharpen,race_sharpening,10m easy + 4x20s strides + 2x1m race pace + easy finish,b1:Run 10min(duration) + b2:Run 20s(duration) + b3:Run 1min(duration),continuous rounds=- dur=10 rest=- >> rounds rounds=4 dur=- rest=- >> rounds rounds=2 dur=- rest=-,10m->min (ex_run); 1m->min (ex_run),"read ""10m"" as minutes for ex_run on magnitude; read ""1m"" as minutes for ex_run on magnitude",20,10,magnitude-inferred,,
run_recovery_run_02,,Recovery Run,active_recovery,30m very easy conversational effort,b1:Run 30min(duration),continuous rounds=- dur=30 rest=-,30m->min (ex_run),"read ""30m"" as minutes for ex_run on magnitude",30,30,magnitude-inferred,,
run_recovery_run_03,,Recovery Run,active_recovery,5r: 4m very easy run + 2m walk,b1:Run 4min(duration) + b1:Incline Walk 2min(duration),rounds rounds=5 dur=- rest=-,4m->min (ex_run),"read ""4m"" as minutes for ex_run on magnitude",30,,magnitude-inferred,,
