id,name,canonical_name,aliases,category,status,movement_pattern,movement_families,modality,methodology_bucket,training_qualities,movement_characters,complexity_level,exercise_role_eligibility,progression_class,progression_tracks,exercise_family_id,variant_parent,variant_children,history_comparability_group,equipment_required,equipment_optional,default_unit,impact_level,hyrox_relevance,postpartum_friendly,notes
ex_cable_curl,Cable Curl,Cable Curl,,accessory,created,accessory_isolation,accessory_isolation,cable,foundational_repeatable,hypertrophy,simple,basic,accessory,accessory_anchor,load|reps,cable_curl,,,cable_curl,cable,,reps,low,0,False,
ex_cable_lateral_raise,Cable Lateral Raise,Cable Lateral Raise,,accessory,created,accessory_isolation,accessory_isolation,cable,foundational_repeatable,hypertrophy|structural_resilience,simple|unilateral,basic,accessory,accessory_anchor,load|reps,cable_lateral_raise,,,cable_lateral_raise,cable,,reps,low,0,False,
ex_db_curl,DB Curl,DB Curl,,accessory,created,accessory_isolation,accessory_isolation,dumbbell,foundational_repeatable,hypertrophy,simple|unilateral,basic,accessory,accessory_anchor,load|reps,db_curl,,,db_curl,db,,reps,low,0,False,
ex_db_lateral_raise,DB Lateral Raise,DB Lateral Raise,,accessory,created,accessory_isolation,accessory_isolation,dumbbell,foundational_repeatable,hypertrophy|structural_resilience,simple,basic,accessory,accessory_anchor,load|reps,db_lateral_raise,,,db_lateral_raise,db,,reps,low,0,False,
ex_hammer_curl,Hammer Curl,Hammer Curl,,accessory,created,accessory_isolation,accessory_isolation,dumbbell,foundational_repeatable,hypertrophy,simple|unilateral,basic,accessory,accessory_anchor,load|reps,hammer_curl,,,hammer_curl,db,,reps,low,0,False,
ex_hip_abduction,Hip Abduction,Hip Abduction,,accessory,created,accessory_isolation,accessory_isolation,cable,foundational_repeatable,hypertrophy|structural_resilience,simple,basic,accessory,accessory_anchor,load|reps,hip_abduction,,,hip_abduction,bands|cable|machine,,reps,low,0,False,
ex_hip_adduction,Hip Adduction,Hip Adduction,,accessory,created,accessory_isolation,accessory_isolation,cable,foundational_repeatable,hypertrophy|structural_resilience,simple,basic,accessory,accessory_anchor,load|reps,hip_adduction,,,hip_adduction,bands|cable|machine,,reps,low,0,False,
ex_incline_db_curl,Incline DB Curl,Incline DB Curl,,accessory,created,accessory_isolation,accessory_isolation,dumbbell,foundational_repeatable,hypertrophy,simple,basic,accessory,accessory_anchor,load|reps,incline_db_curl,,,incline_db_curl,bench|db,,reps,low,0,False,
ex_leg_curl,Leg Curl,Leg Curl,,accessory,created,accessory_isolation,accessory_isolation,cable,foundational_repeatable,hypertrophy|structural_resilience,simple,basic,accessory,accessory_anchor,load|reps,leg_curl,,,leg_curl,machine,,reps,low,0,False,
ex_leg_extension,Leg Extension,Leg Extension,,accessory,created,accessory_isolation,accessory_isolation,cable,foundational_repeatable,hypertrophy|structural_resilience,simple,basic,accessory,accessory_anchor,load|reps,leg_extension,,,leg_extension,machine,,reps,low,0,False,
ex_nordic_hamstring_curl,Nordic Hamstring Curl,Nordic Hamstring Curl,,accessory,created,accessory_isolation,accessory_isolation,bodyweight,foundational_repeatable,functional_strength|structural_resilience,technical,advanced,accessory,accessory_anchor,reps|range_of_motion|technical,nordic_hamstring_curl,,,nordic_hamstring_curl,bodyweight|nordic_anchor,,reps,low,0,False,
ex_overhead_triceps_extension,Overhead Triceps Extension,Overhead Triceps Extension,,accessory,created,accessory_isolation,accessory_isolation,dumbbell,foundational_repeatable,hypertrophy,simple,basic,accessory,accessory_anchor,load|reps,overhead_triceps_extension,,,overhead_triceps_extension,cable|db,,reps,low,0,False,
ex_preacher_curl,Preacher Curl,Preacher Curl,,accessory,created,accessory_isolation,accessory_isolation,barbell,foundational_repeatable,hypertrophy,simple,basic,accessory,accessory_anchor,load|reps,preacher_curl,,,preacher_curl,barbell|db|machine,,reps,low,0,False,
ex_rear_delt_fly,Rear-Delt Fly,Rear-Delt Fly,,accessory,created,accessory_isolation,accessory_isolation,dumbbell,foundational_repeatable,hypertrophy|structural_resilience,simple,basic,accessory,accessory_anchor,load|reps,rear_delt_fly,,,rear_delt_fly,cable|db|machine,,reps,low,0,False,
ex_seated_calf_raise,Seated Calf Raise,Seated Calf Raise,,accessory,created,accessory_isolation,accessory_isolation,dumbbell,foundational_repeatable,hypertrophy|structural_resilience,simple,basic,accessory,accessory_anchor,load|reps,seated_calf_raise,,,seated_calf_raise,db|machine,,reps,low,0,False,
ex_single_leg_calf_raise,Single-Leg Calf Raise,Single-Leg Calf Raise,,accessory,created,accessory_isolation,accessory_isolation,dumbbell,foundational_repeatable,hypertrophy|structural_resilience,unilateral,basic,accessory,accessory_anchor,load|reps,single_leg_calf_raise,,,single_leg_calf_raise,bodyweight|db,,reps,low,0,False,
ex_skull_crusher,Skull Crusher,Skull Crusher,,accessory,created,accessory_isolation,accessory_isolation,barbell,foundational_repeatable,hypertrophy,simple,basic,accessory,accessory_anchor,load|reps,skull_crusher,,,skull_crusher,barbell|bench|db,,reps,low,0,False,
ex_standing_calf_raise,Standing Calf Raise,Standing Calf Raise,,accessory,created,accessory_isolation,accessory_isolation,barbell,foundational_repeatable,hypertrophy|structural_resilience,simple,basic,accessory,accessory_anchor,load|reps,standing_calf_raise,,,standing_calf_raise,barbell|db|machine,,reps,low,0,False,
ex_tibialis_raise,Tibialis Raise,Tibialis Raise,,accessory,created,accessory_isolation,accessory_isolation,cable,foundational_repeatable,structural_resilience,simple,basic,accessory,accessory_anchor,load|reps,tibialis_raise,,,tibialis_raise,bands|bodyweight|machine,,reps,low,0,False,
ex_triceps_pushdown,Triceps Pushdown,Triceps Pushdown,,accessory,created,accessory_isolation,accessory_isolation,cable,foundational_repeatable,hypertrophy,simple,basic,accessory,accessory_anchor,load|reps,triceps_pushdown,,,triceps_pushdown,cable,,reps,low,0,False,
ex_y_raise,Y-Raise,Y-Raise,,accessory,created,accessory_isolation,accessory_isolation,dumbbell,foundational_repeatable,structural_resilience|hypertrophy,simple,basic,accessory,accessory_anchor,load|reps,y_raise,,,y_raise,bench|cable|db,,reps,low,0,False,
ex_bear_hug_sandbag_carry,Bear-Hug Sandbag Carry,Bear-Hug Sandbag Carry,,power,created,carry,carry|trunk,sandbag,athletic_power_plyometric,functional_strength|strength_endurance,loaded_locomotion|stability_demanding,basic,trunk_carry,developmental,load|distance,bear_hug_sandbag_carry,ex_sandbag_carry,,bear_hug_sandbag_carry,sandbag,,m,low,0,False,
ex_farmer_carry,Farmer Carry,Farmer Carry,,hyrox,content_eligible,carry,carry,strength_endurance,foundational_repeatable,functional_strength|strength_endurance|structural_resilience,loaded_locomotion|bilateral,basic,trunk_carry|finisher|secondary_strength,anchor,load|distance,bilateral_carry,,,farmer_carry,db|kb,,ft,low,1.0,True,Bilateral carry
ex_sandbag_carry,Sandbag Carry,Sandbag Carry,,conditioning,content_eligible,carry,carry,strength_endurance,athletic_power_plyometric,functional_strength|strength_endurance,loaded_locomotion|bilateral,basic,trunk_carry|finisher,developmental,load|distance,bilateral_carry,,ex_bear_hug_sandbag_carry,sandbag_carry,sandbag,,ft,low,0.5,True,Trunk + grip
ex_front_rack_carry,Front-Rack Carry,Front-Rack Carry,,power,created,carry,carry|trunk,barbell,athletic_power_plyometric,functional_strength|structural_resilience,loaded_locomotion|stability_demanding,basic,trunk_carry,developmental,load|distance,front_rack_carry,,,front_rack_carry,barbell|db|kb,,m,low,0,False,
ex_sandbag_front_rack_march,Sandbag Front Rack March,Sandbag Front Rack March,,conditioning,content_eligible,carry,carry|trunk,strength_endurance,,functional_strength|structural_resilience,loaded_locomotion|stability_demanding,intermediate,trunk_carry|accessory,developmental,load|distance,front_rack_carry,,,sandbag_front_rack_march,sandbag,,steps,low,0.4,True,Small-space carry
ex_front_rack_march,Front-Rack March,Front-Rack March,,conditioning,created,carry,carry|trunk,dumbbell,complex_specific_novel,functional_strength|structural_resilience,stability_demanding,basic,trunk_carry,variable_complex,load|duration,front_rack_march,,,front_rack_march,db|kb,,sec,low,0,False,
ex_overhead_march,Overhead March,Overhead March,,conditioning,created,carry,carry|trunk,dumbbell,complex_specific_novel,functional_strength|structural_resilience,stability_demanding,intermediate,trunk_carry,variable_complex,load|duration,overhead_march,,,overhead_march,db|kb,,sec,low,0,False,
ex_overhead_waiter_carry,Waiter Carry,Waiter Carry,Overhead Carry,power,created,carry,carry|trunk,dumbbell,athletic_power_plyometric,functional_strength|structural_resilience,loaded_locomotion|unilateral|stability_demanding,intermediate,trunk_carry,developmental,load|distance,overhead_waiter_carry,,,overhead_waiter_carry,db|kb,,m,low,0,False,
ex_single_arm_front_rack_carry,Single-Arm Front-Rack Carry,Single-Arm Front-Rack Carry,,power,created,carry,carry|trunk,dumbbell,athletic_power_plyometric,functional_strength|athletic_multiplanar,unilateral|loaded_locomotion|stability_demanding,intermediate,trunk_carry,developmental,load|distance,single_arm_front_rack_carry,,,single_arm_front_rack_carry,db|kb,,m,low,0,False,
ex_suitcase_carry,Suitcase Carry,Suitcase Carry,,strength,created,carry,carry|trunk,dumbbell,foundational_repeatable,functional_strength|structural_resilience,foundational|loaded_locomotion|unilateral,basic,trunk_carry,anchor,load|distance,suitcase_carry,,,suitcase_carry,db|kb,,m,low,0,False,
ex_suitcase_march,Suitcase March,Suitcase March,,conditioning,created,carry,carry|trunk,dumbbell,complex_specific_novel,functional_strength|structural_resilience,unilateral|anti_lateral_flexion,basic,trunk_carry,variable_complex,load|duration,suitcase_march,,,suitcase_march,db|kb,,sec,low,0,False,
ex_zercher_carry,Zercher Carry,Zercher Carry,,power,created,carry,carry|trunk,barbell,athletic_power_plyometric,functional_strength|strength_endurance,loaded_locomotion|stability_demanding,intermediate,trunk_carry,developmental,load|distance,zercher_carry,,,zercher_carry,barbell,,m,low,0,False,
ex_barbell_thruster,Barbell Thruster,Barbell Thruster,,conditioning,created,complex_total_body,complex_total_body|squat|vertical_push,barbell,complex_specific_novel,integrated_complex|strength_endurance|power,complex|explosive,intermediate,finisher,variable_complex,load|reps|density,barbell_thruster,,,barbell_thruster,barbell,,reps,medium,0,False,
ex_burpee_to_db_clean,Burpee to DB Clean,Burpee to DB Clean,,conditioning,created,complex_total_body,complex_total_body|ground_get_up|olympic_explosive,dumbbell,complex_specific_novel,integrated_complex|strength_endurance|power,complex|explosive,intermediate,finisher,variable_complex,load|reps|density,burpee_to_db_clean,,,burpee_to_db_clean,db,,reps,medium,0,False,
ex_db_clean_front_squat,DB Clean + Front Squat,DB Clean + Front Squat,,conditioning,created,complex_total_body,complex_total_body|olympic_explosive|squat,dumbbell,complex_specific_novel,integrated_complex|power|functional_strength,complex|explosive,intermediate,power|finisher,variable_complex,load|reps|density,db_clean_front_squat,,,db_clean_front_squat,db,,reps,medium,0,False,
ex_db_clean_front_squat_push_press,DB Clean + Front Squat + Push Press,DB Clean + Front Squat + Push Press,,conditioning,created,complex_total_body,complex_total_body|olympic_explosive|squat|vertical_push,dumbbell,complex_specific_novel,integrated_complex|strength_endurance|power,complex|explosive|technical,advanced,finisher,variable_complex,load|reps|density,db_clean_front_squat_push_press,,,db_clean_front_squat_push_press,db,,reps,medium,0,False,
ex_db_clean_push_press,DB Clean + Push Press,DB Clean + Push Press,,conditioning,created,complex_total_body,complex_total_body|olympic_explosive|vertical_push,dumbbell,complex_specific_novel,integrated_complex|power,complex|explosive,intermediate,power|finisher,variable_complex,load|reps|density,db_clean_push_press,,,db_clean_push_press,db,,reps,medium,0,False,
ex_db_deadlift_hang_clean_front_squat,DB Deadlift + Hang Clean + Front Squat,DB Deadlift + Hang Clean + Front Squat,,conditioning,created,complex_total_body,complex_total_body|hinge|olympic_explosive|squat,dumbbell,complex_specific_novel,integrated_complex|strength_endurance|power,complex|technical,advanced,finisher,variable_complex,load|reps|density,db_deadlift_hang_clean_front_squat,,,db_deadlift_hang_clean_front_squat,db,,reps,medium,0,False,
ex_db_ground_to_overhead,DB Ground-to-Overhead,DB Ground-to-Overhead,,conditioning,created,complex_total_body,complex_total_body|ground_get_up,dumbbell,complex_specific_novel,integrated_complex|power|strength_endurance,complex|explosive,intermediate,finisher,variable_complex,load|reps|density,db_ground_to_overhead,,,db_ground_to_overhead,db,,reps,medium,0,False,
ex_db_snatch_overhead_reverse_lunge,DB Snatch + Overhead Reverse Lunge,DB Snatch + Overhead Reverse Lunge,,conditioning,created,complex_total_body,complex_total_body|olympic_explosive|lunge,dumbbell,complex_specific_novel,integrated_complex|athletic_multiplanar|power,unilateral|complex|stability_demanding,advanced,finisher,variable_complex,load|reps|density,db_snatch_overhead_reverse_lunge,,,db_snatch_overhead_reverse_lunge,db,,reps,medium,0,False,
ex_db_thruster,DB Thruster,DB Thruster,,conditioning,created,complex_total_body,complex_total_body|squat|vertical_push,dumbbell,complex_specific_novel,integrated_complex|strength_endurance|power,complex|explosive,basic,finisher,variable_complex,load|reps|density,db_thruster,,,db_thruster,db,,reps,medium,0,False,
ex_devil_press,Devil Press,Devil Press,,conditioning,created,complex_total_body,complex_total_body|ground_get_up|hinge,dumbbell,complex_specific_novel,integrated_complex|strength_endurance|power,complex|explosive,intermediate,finisher,variable_complex,load|reps|density,devil_press,,,devil_press,db,,reps,medium,0,False,
ex_front_rack_reverse_lunge_press,Front-Rack Reverse Lunge + Press,Front-Rack Reverse Lunge + Press,,conditioning,created,complex_total_body,complex_total_body|lunge|vertical_push,dumbbell,complex_specific_novel,integrated_complex|functional_strength,unilateral|complex,intermediate,secondary_strength|finisher,variable_complex,load|reps,front_rack_reverse_lunge_press,,,front_rack_reverse_lunge_press,db|kb,,reps,medium,0,False,
ex_man_maker,Man-Maker,Man-Maker,,conditioning,created,complex_total_body,complex_total_body|horizontal_push|horizontal_pull|ground_get_up,dumbbell,complex_specific_novel,integrated_complex|strength_endurance,complex|stability_demanding,advanced,finisher,variable_complex,load|reps|density,man_maker,,,man_maker,db,,reps,medium,0,False,
ex_bear_crawl,Bear Crawl,Bear Crawl,,conditioning,content_eligible,full_body,complex_total_body|trunk,bodyweight,complex_specific_novel,athletic_multiplanar|structural_resilience,complex|contralateral|multiplanar|stability_demanding,basic,primer|finisher,variable_complex,distance|density|work_rest,quadrupedal,,ex_bear_crawl_db_drag|ex_bear_crawl_shoulder_tap,bear_crawl,bodyweight,,ft,medium,0.2,True,Core + shoulders
ex_renegade_row_push_up,Renegade Row + Push-Up,Renegade Row + Push-Up,,conditioning,created,complex_total_body,complex_total_body|horizontal_pull|horizontal_push|trunk,dumbbell,complex_specific_novel,integrated_complex|strength_endurance,complex|stability_demanding,advanced,finisher,variable_complex,load|reps|density,renegade_row_push_up,,,renegade_row_push_up,db,,reps,medium,0,False,
ex_sandbag_clean_bear_hug_carry,Sandbag Clean + Bear-Hug Carry,Sandbag Clean + Bear-Hug Carry,,conditioning,created,complex_total_body,complex_total_body|hinge|carry,sandbag,complex_specific_novel,integrated_complex|functional_strength|strength_endurance,complex|loaded_locomotion,intermediate,finisher,variable_complex,load|distance|reps,sandbag_clean_bear_hug_carry,,,sandbag_clean_bear_hug_carry,sandbag,,m,medium,0,False,
ex_sandbag_ground_to_shoulder_squat,Sandbag Ground-to-Shoulder + Squat,Sandbag Ground-to-Shoulder + Squat,,conditioning,created,complex_total_body,complex_total_body|ground_get_up|squat,sandbag,complex_specific_novel,integrated_complex|functional_strength,complex,intermediate,finisher,variable_complex,load|reps|density,sandbag_ground_to_shoulder_squat,,,sandbag_ground_to_shoulder_squat,sandbag,,reps,medium,0,False,
ex_single_arm_db_thruster,Single-Arm DB Thruster,Single-Arm DB Thruster,,conditioning,created,complex_total_body,complex_total_body|squat|vertical_push,dumbbell,complex_specific_novel,integrated_complex|athletic_multiplanar,unilateral|complex|explosive,intermediate,finisher,variable_complex,load|reps|density,single_arm_db_thruster,,,single_arm_db_thruster,db,,reps,medium,0,False,
ex_wall_ball,Wall Ball,Wall Ball,,hyrox,content_eligible,squat_push,complex_total_body,strength_endurance,complex_specific_novel,strength_endurance|power,explosive|hybrid_specific,basic,finisher,variable_complex,reps|work_rest|density,wall_ball,,,wall_ball,wall_ball,,reps,medium,1.0,True,Target configurable
ex_bear_crawl_db_drag,Bear Crawl + DB Drag,Bear Crawl + DB Drag,,conditioning,created,ground_get_up,ground_get_up|trunk|horizontal_pull,dumbbell,complex_specific_novel,integrated_complex|athletic_multiplanar,contralateral|loaded_locomotion|complex,intermediate,finisher|trunk_carry,variable_complex,load|distance,bear_crawl_db_drag,ex_bear_crawl,,bear_crawl_db_drag,db,,m,medium,0,False,
ex_bear_crawl_shoulder_tap,Bear Crawl Shoulder Tap,Bear Crawl Shoulder Tap,,conditioning,created,ground_get_up,ground_get_up|trunk,bodyweight,complex_specific_novel,integrated_complex|athletic_multiplanar,contralateral|complex|stability_demanding,intermediate,finisher,variable_complex,reps|distance,bear_crawl_shoulder_tap,ex_bear_crawl,,bear_crawl_shoulder_tap,bodyweight,,reps,medium,0,False,
ex_crab_walk,Crab Walk,Crab Walk,,conditioning,created,ground_get_up,ground_get_up|trunk,bodyweight,complex_specific_novel,strength_endurance|athletic_multiplanar,loaded_locomotion|multiplanar,basic,finisher,variable_complex,distance|duration,crab_walk,,,crab_walk,bodyweight,,sec,medium,0,False,
ex_half_turkish_get_up,Half Turkish Get-Up,Half Turkish Get-Up,,power,created,ground_get_up,ground_get_up|trunk,dumbbell,athletic_power_plyometric,functional_strength|structural_resilience,technical|stability_demanding,intermediate,trunk_carry,developmental,technical|load,half_turkish_get_up,,,half_turkish_get_up,db|kb,,reps,medium,0,False,
ex_sandbag_get_up,Sandbag Get-Up,Sandbag Get-Up,,conditioning,created,ground_get_up,ground_get_up|trunk,sandbag,complex_specific_novel,integrated_complex|functional_strength,complex|technical|stability_demanding,advanced,secondary_strength|finisher,variable_complex,load|reps|technical,sandbag_get_up,,,sandbag_get_up,sandbag,,reps,medium,0,False,
ex_sandbag_ground_to_shoulder,Sandbag Ground-to-Shoulder,Sandbag Ground-to-Shoulder,,power,created,ground_get_up,ground_get_up|hinge,sandbag,athletic_power_plyometric,functional_strength|power,loaded_locomotion|complex,intermediate,power|secondary_strength,developmental,load|reps,sandbag_ground_to_shoulder,,,sandbag_ground_to_shoulder,sandbag,,reps,medium,0,False,
ex_turkish_get_up,Turkish Get-Up,Turkish Get-Up,,power,created,ground_get_up,ground_get_up|trunk,dumbbell,athletic_power_plyometric,functional_strength|athletic_multiplanar,complex|technical|stability_demanding,advanced,secondary_strength|trunk_carry,developmental,technical|load,turkish_get_up,,,turkish_get_up,db|kb,,reps,medium,0,False,
ex_turkish_get_up_to_carry,Turkish Get-Up to Carry,Turkish Get-Up to Carry,,conditioning,created,ground_get_up,ground_get_up|carry|trunk,dumbbell,complex_specific_novel,integrated_complex|functional_strength,complex|loaded_locomotion|stability_demanding,advanced,trunk_carry|finisher,variable_complex,load|distance|technical,turkish_get_up_to_carry,,,turkish_get_up_to_carry,db|kb,,m,medium,0,False,
ex_b_stance_rdl,B-Stance RDL,B-Stance RDL,,strength,created,hinge,hinge,barbell,foundational_repeatable,functional_strength|hypertrophy,unilateral|stability_demanding,intermediate,secondary_strength,developmental,load|reps,b_stance_rdl,ex_romanian_deadlift,,b_stance_rdl,barbell|db,,reps,low,0,False,
ex_back_extension,Back Extension,Back Extension,,strength,created,hinge,hinge|trunk,mixed,foundational_repeatable,hypertrophy|structural_resilience,foundational|simple,basic,accessory,accessory_anchor,load|reps,back_extension,,,back_extension,back_extension,,reps,low,0,False,
ex_contralateral_single_leg_rdl,Contralateral Single-Leg RDL,Contralateral Single-Leg RDL,,conditioning,created,hinge,hinge|trunk,dumbbell,complex_specific_novel,functional_strength|athletic_multiplanar,unilateral|contralateral|stability_demanding,intermediate,secondary_strength,variable_complex,load|reps,contralateral_single_leg_rdl,ex_romanian_deadlift,,contralateral_single_leg_rdl,db|kb,,reps,low,0,False,
ex_db_romanian_deadlift_row,DB Romanian Deadlift + Row,DB Romanian Deadlift + Row,,conditioning,created,hinge,hinge|horizontal_pull,dumbbell,complex_specific_novel,integrated_complex|functional_strength,complex,intermediate,secondary_strength|finisher,variable_complex,load|reps,db_romanian_deadlift_row,,,db_romanian_deadlift_row,db,,reps,low,0,False,
ex_deadlift,Deadlift,Conventional Deadlift,Deadlift,strength,content_eligible,hinge,hinge,strength,foundational_repeatable,absolute_strength,foundational|bilateral|technical,advanced,primary_strength,anchor,load|reps,deadlift,,ex_trap_bar_deadlift,conventional_deadlift,barbell,,reps,medium,0.8,True,Posterior chain
ex_glute_bridge,Glute Bridge,Glute Bridge,Hip Bridge,core,content_eligible,hip_extension,hinge|accessory_isolation,strength,foundational_repeatable,structural_resilience|hypertrophy,foundational|simple|bilateral,basic,accessory|primer,accessory_anchor,load|reps|tempo,glute_bridge,,ex_glute_bridge_march,glute_bridge,bodyweight,,reps,low,0.2,True,Micro workout
ex_glute_bridge_march,Glute Bridge March,Glute Bridge March,,strength,created,hinge,hinge|trunk,bodyweight,foundational_repeatable,structural_resilience,contralateral|stability_demanding,basic,trunk_carry,developmental,reps|technical,glute_bridge_march,ex_glute_bridge,,glute_bridge_march,bodyweight,,reps,low,0,False,
ex_hip_thrust,Hip Thrust,Hip Thrust,,strength,created,hinge,hinge,barbell,foundational_repeatable,absolute_strength|hypertrophy,foundational|bilateral,basic,primary_strength|secondary_strength,anchor,load|reps,hip_thrust,,,hip_thrust,barbell|db,,reps,low,0,False,
ex_kb_swing_goblet_squat,KB Swing + Goblet Squat,KB Swing + Goblet Squat,,conditioning,created,hinge,hinge|squat|complex_total_body,kettlebell,complex_specific_novel,integrated_complex|strength_endurance|power,complex|explosive,intermediate,finisher,variable_complex,load|reps|density,kb_swing_goblet_squat,,,kb_swing_goblet_squat,kb,,reps,medium,0,False,
ex_kettlebell_swing,Kettlebell Swing,Kettlebell Swing,Two-Hand KB Swing,conditioning,content_eligible,hinge,hinge,power,athletic_power_plyometric,power|strength_endurance,ballistic|explosive|bilateral,intermediate,power|finisher|secondary_strength,developmental,load|reps|velocity,kettlebell_swing,,ex_one_arm_kb_swing,kettlebell_swing,kb,,reps,medium,0.5,True,Power endurance
ex_one_arm_kb_swing,One-Arm KB Swing,One-Arm KB Swing,,power,created,hinge,hinge|olympic_explosive,kettlebell,athletic_power_plyometric,power|athletic_multiplanar,unilateral|explosive|ballistic,intermediate,power|finisher,developmental,load|reps|density,one_arm_kb_swing,ex_kettlebell_swing,,one_arm_kb_swing,kb,,reps,high,0,False,
ex_reverse_hyper,Reverse Hyper,Reverse Hyper,,strength,created,hinge,hinge|trunk,mixed,foundational_repeatable,hypertrophy|structural_resilience,simple,basic,accessory,developmental,load|reps,reverse_hyper,,,reverse_hyper,reverse_hyper,,reps,low,0,False,
ex_romanian_deadlift,Romanian Deadlift,Romanian Deadlift,,strength,content_eligible,hinge,hinge,strength,foundational_repeatable,absolute_strength|hypertrophy,foundational|bilateral,intermediate,primary_strength|secondary_strength,anchor,load|reps,romanian_deadlift,,ex_single_leg_rdl|ex_b_stance_rdl|ex_contralateral_single_leg_rdl,romanian_deadlift,barbell|db,,reps,low,0.6,True,Hamstrings
ex_single_leg_hip_thrust,Single-Leg Hip Thrust,Single-Leg Hip Thrust,,strength,created,hinge,hinge,dumbbell,foundational_repeatable,functional_strength|hypertrophy,unilateral,intermediate,secondary_strength,developmental,load|reps,single_leg_hip_thrust,,,single_leg_hip_thrust,bodyweight|db,,reps,low,0,False,
ex_single_leg_rdl,Single-Leg RDL,Single-Leg RDL,,power,created,hinge,hinge,barbell,athletic_power_plyometric,functional_strength|athletic_multiplanar,unilateral|stability_demanding,intermediate,secondary_strength,developmental,load|reps|range_of_motion,single_leg_rdl,ex_romanian_deadlift,,single_leg_rdl,barbell|db|kb,,reps,low,0,False,
ex_trap_bar_deadlift,Trap-Bar Deadlift,Trap-Bar Deadlift,,strength,created,hinge,hinge,barbell,foundational_repeatable,absolute_strength|functional_strength,foundational|bilateral,basic,primary_strength,anchor,load|reps,trap_bar_deadlift,ex_deadlift,,trap_bar_deadlift,trap_bar,,reps,low,0,False,
ex_barbell_row,Barbell Row,Barbell Row,,strength,created,horizontal_pull,horizontal_pull,barbell,foundational_repeatable,absolute_strength|hypertrophy,foundational|bilateral,intermediate,secondary_strength,accessory_anchor,load|reps,barbell_row,,,barbell_row,barbell,,reps,low,0,False,
ex_chest_supported_row,Chest-Supported Row,Chest-Supported Row,,strength,created,horizontal_pull,horizontal_pull,dumbbell,foundational_repeatable,absolute_strength|hypertrophy,foundational|bilateral,basic,secondary_strength,anchor,load|reps,chest_supported_row,,,chest_supported_row,bench|db|machine,,reps,low,0,False,
ex_db_row,DB Row,1-Arm DB Row,DB Row,strength,content_eligible,horizontal_pull,horizontal_pull,strength,foundational_repeatable,functional_strength|hypertrophy,foundational|unilateral,basic,secondary_strength|accessory,anchor,load|reps,db_row,,,db_row,db,,reps,low,0.4,True,Upper back
ex_face_pull,Face Pull,Face Pull,,accessory,created,horizontal_pull,horizontal_pull|accessory_isolation,cable,foundational_repeatable,hypertrophy|structural_resilience,simple,basic,accessory,accessory_anchor,load|reps,face_pull,,,face_pull,bands|cable,,reps,low,0,False,
ex_half_kneeling_cable_row,Half-Kneeling Cable Row,Half-Kneeling Cable Row,,power,created,horizontal_pull,horizontal_pull|trunk,cable,athletic_power_plyometric,functional_strength|athletic_multiplanar,unilateral|stability_demanding,intermediate,secondary_strength,developmental,load|reps,half_kneeling_cable_row,ex_cable_row,,half_kneeling_cable_row,cable,,reps,low,0,False,
ex_inverted_row,Inverted Row,Inverted Row,,strength,created,horizontal_pull,horizontal_pull,barbell,foundational_repeatable,functional_strength|hypertrophy,foundational,basic,secondary_strength,accessory_anchor,reps|load,inverted_row,ex_trx_row,,inverted_row,barbell|trx,,reps,low,0,False,
ex_trx_row,TRX Row,TRX Row,,strength,content_eligible,horizontal_pull,horizontal_pull,strength,,functional_strength|strength_endurance,bilateral|stability_demanding,basic,accessory|secondary_strength,developmental,reps|range_of_motion|tempo,inverted_row,,ex_inverted_row,trx_row,trx,,reps,low,0.3,True,"Suspension-trainer body row. Rigid plank, pull chest toward handles."
ex_renegade_row,Renegade Row,Renegade Row,,conditioning,created,horizontal_pull,horizontal_pull|trunk,dumbbell,complex_specific_novel,integrated_complex|functional_strength,unilateral|anti_rotation|stability_demanding,intermediate,secondary_strength|finisher,variable_complex,load|reps,renegade_row,,,renegade_row,db,,reps,low,0,False,
ex_cable_row,Cable Row,Cable Row,Cable / Seated Row,strength,content_eligible,horizontal_pull,horizontal_pull,strength,foundational_repeatable,functional_strength|hypertrophy,foundational|bilateral,basic,secondary_strength|accessory,anchor,load|reps,seated_row,,ex_single_arm_cable_row|ex_half_kneeling_cable_row|ex_split_stance_cable_row,cable_row,cable,,reps,low,0.3,True,Upper back
ex_single_arm_cable_row,Single-Arm Cable Row,Single-Arm Cable Row,,strength,created,horizontal_pull,horizontal_pull,cable,foundational_repeatable,functional_strength|hypertrophy,unilateral,basic,secondary_strength,developmental,load|reps,single_arm_cable_row,ex_cable_row,,single_arm_cable_row,cable,,reps,low,0,False,
ex_split_stance_cable_row,Split-Stance Cable Row,Split-Stance Cable Row,,power,created,horizontal_pull,horizontal_pull|trunk,cable,athletic_power_plyometric,functional_strength|athletic_multiplanar,unilateral|stability_demanding,intermediate,secondary_strength,developmental,load|reps,split_stance_cable_row,ex_cable_row,,split_stance_cable_row,cable,,reps,low,0,False,
ex_bench_press,Bench Press,Bench Press,,strength,created,horizontal_push,horizontal_push,barbell,foundational_repeatable,absolute_strength|hypertrophy,foundational|bilateral,basic,primary_strength,anchor,load|reps,bench_press,,,bench_press,barbell,,reps,low,0,False,
ex_cable_machine_fly,Cable Fly,Cable Fly,,accessory,created,horizontal_push,horizontal_push|accessory_isolation,cable,foundational_repeatable,hypertrophy,simple,basic,accessory,accessory_anchor,load|reps,cable_machine_fly,,,cable_machine_fly,cable|machine,,reps,low,0,False,
ex_close_grip_bench_press,Close-Grip Bench Press,Close-Grip Bench Press,,strength,created,horizontal_push,horizontal_push,barbell,foundational_repeatable,absolute_strength|hypertrophy,foundational|bilateral,intermediate,secondary_strength,accessory_anchor,load|reps,close_grip_bench_press,,,close_grip_bench_press,barbell|bench,,reps,low,0,False,
ex_db_bench_press,DB Bench Press,DB Bench Press,,strength,created,horizontal_push,horizontal_push,dumbbell,foundational_repeatable,absolute_strength|hypertrophy,foundational|bilateral,basic,primary_strength|secondary_strength,anchor,load|reps,db_bench_press,,,db_bench_press,bench|db,,reps,low,0,False,
ex_incline_db_press,Incline DB Press,Incline DB Press,Incline DB Bench Press,strength,content_eligible,horizontal_push,horizontal_push,strength,foundational_repeatable,functional_strength|hypertrophy,foundational|bilateral,basic,secondary_strength|accessory,anchor,load|reps,db_bench_press,,,incline_db_press,bench|db,,reps,low,0.3,True,Upper push
ex_db_floor_press,DB Floor Press,DB Floor Press,,strength,created,horizontal_push,horizontal_push,dumbbell,foundational_repeatable,functional_strength|hypertrophy,foundational|bilateral,basic,secondary_strength,accessory_anchor,load|reps,db_floor_press,,,db_floor_press,db,,reps,low,0,False,
ex_push_up,Push-Up,Push-Up,,strength,content_eligible,horizontal_push,horizontal_push,bodyweight,foundational_repeatable,functional_strength|hypertrophy|strength_endurance,foundational|bilateral,basic,secondary_strength|accessory|finisher,anchor,reps|load|tempo,push_up,,ex_push_up_shoulder_tap|ex_push_up_to_down_dog,push_up,bodyweight,,reps,medium,0.2,True,Scale incline
ex_trx_push_up,TRX Push-Up,TRX Push-Up,,strength,content_eligible,horizontal_push,horizontal_push,strength,,functional_strength|strength_endurance,bilateral|stability_demanding,basic,accessory|finisher,developmental,reps|range_of_motion|tempo,push_up,,,trx_push_up,trx,,reps,low,0.3,True,Scalable
ex_push_up_shoulder_tap,Push-Up + Shoulder Tap,Push-Up + Shoulder Tap,,conditioning,created,horizontal_push,horizontal_push|trunk,bodyweight,complex_specific_novel,strength_endurance|structural_resilience,contralateral|stability_demanding,basic,finisher,variable_complex,reps|density,push_up_shoulder_tap,ex_push_up,,push_up_shoulder_tap,bodyweight,,reps,low,0,False,
ex_push_up_to_down_dog,Push-Up to Down Dog,Push-Up to Down Dog,,conditioning,created,horizontal_push,horizontal_push|ground_get_up,bodyweight,complex_specific_novel,structural_resilience|strength_endurance,complex,basic,primer|finisher,variable_complex,reps,push_up_to_down_dog,ex_push_up,,push_up_to_down_dog,bodyweight,,reps,medium,0,False,
ex_single_arm_cable_press,Single-Arm Cable Press,Single-Arm Cable Press,,power,created,horizontal_push,horizontal_push|trunk,cable,athletic_power_plyometric,functional_strength|athletic_multiplanar,unilateral|stability_demanding,intermediate,secondary_strength,developmental,load|reps,single_arm_cable_press,,,single_arm_cable_press,cable,,reps,low,0,False,
ex_box_jump_over,Box Jump Over,Box Jump Over,,conditioning,created,jump_plyometric,jump_plyometric,mixed,complex_specific_novel,plyometric_reactive|strength_endurance,reactive|complex,intermediate,finisher,variable_complex,reps|density,box_jump_over,,,box_jump_over,box,,reps,high,0,False,
ex_broad_jump,Broad Jump,Broad Jump,,power,created,jump_plyometric,jump_plyometric,bodyweight,athletic_power_plyometric,power|plyometric_reactive,explosive|ballistic,basic,power,developmental,plyometric|distance,broad_jump,,,broad_jump,bodyweight,,m,high,0,False,
ex_broad_jump_vertical_jump,Broad Jump + Vertical Jump,Broad Jump + Vertical Jump,,conditioning,created,jump_plyometric,jump_plyometric,bodyweight,complex_specific_novel,power|plyometric_reactive,complex|explosive|ballistic,intermediate,power,variable_complex,distance|technical,broad_jump_vertical_jump,,,broad_jump_vertical_jump,bodyweight,,m,high,0,False,
ex_burpee_broad_jump,Burpee Broad Jump,Burpee Broad Jump,,hyrox,content_eligible,full_body,jump_plyometric|ground_get_up|complex_total_body,plyometric,complex_specific_novel,plyometric_reactive|integrated_complex|strength_endurance,explosive|ballistic|complex|hybrid_specific,intermediate,finisher|power,variable_complex,reps|density|distance|work_rest,burpee_broad_jump,,,burpee_broad_jump,bodyweight,,reps,high,1.0,True,Scale to step-back
ex_countermovement_jump,Countermovement Jump,Countermovement Jump,,power,created,jump_plyometric,jump_plyometric,bodyweight,athletic_power_plyometric,power|plyometric_reactive,explosive|ballistic,basic,power,developmental,plyometric|technical,countermovement_jump,,,countermovement_jump,bodyweight,,reps,high,0,False,
ex_depth_jump,Depth Jump,Depth Jump,,power,created,jump_plyometric,jump_plyometric,mixed,athletic_power_plyometric,plyometric_reactive|power,reactive|ballistic|technical,advanced,power,developmental,plyometric|technical,depth_jump,,,depth_jump,box,,reps,high,0,False,
ex_drop_jump_to_rebound,Drop Jump to Rebound,Drop Jump to Rebound,,power,created,jump_plyometric,jump_plyometric,mixed,athletic_power_plyometric,plyometric_reactive|power,reactive|ballistic|technical,advanced,power,developmental,plyometric|technical,drop_jump_to_rebound,,,drop_jump_to_rebound,box,,reps,high,0,False,
ex_hurdle_hop,Hurdle Hop,Hurdle Hop,,power,created,jump_plyometric,jump_plyometric,mixed,athletic_power_plyometric,plyometric_reactive,reactive|ballistic,intermediate,power,developmental,plyometric|volume,hurdle_hop,,,hurdle_hop,hurdle,,reps,high,0,False,
ex_jump_and_stick_landing,Jump-and-Stick Landing,Jump-and-Stick Landing,,power,created,jump_plyometric,jump_plyometric,bodyweight,athletic_power_plyometric,plyometric_reactive,reactive|technical,basic,primer|power,developmental,technical,jump_and_stick_landing,,,jump_and_stick_landing,bodyweight,,reps,high,0,False,
ex_lateral_bound_sprint,Lateral Bound + Sprint,Lateral Bound + Sprint,,conditioning,created,jump_plyometric,jump_plyometric,bodyweight,complex_specific_novel,power|athletic_multiplanar,unilateral|multiplanar|explosive,advanced,power,variable_complex,distance|technical,lateral_bound_sprint,,,lateral_bound_sprint,bodyweight|outdoor,,m,high,0,False,
ex_lateral_hurdle_hop,Lateral Hurdle Hop,Lateral Hurdle Hop,,power,created,jump_plyometric,jump_plyometric,mixed,athletic_power_plyometric,plyometric_reactive|athletic_multiplanar,reactive|multiplanar,advanced,power,developmental,plyometric|volume,lateral_hurdle_hop,,,lateral_hurdle_hop,hurdle,,reps,high,0,False,
ex_lateral_pogo,Lateral Pogo,Lateral Pogo,,power,created,jump_plyometric,jump_plyometric,bodyweight,athletic_power_plyometric,plyometric_reactive|athletic_multiplanar,reactive|multiplanar,basic,primer|power,developmental,plyometric|volume,lateral_pogo,,,lateral_pogo,bodyweight,,reps,high,0,False,
ex_line_hop,Line Hop,Line Hop,,power,created,jump_plyometric,jump_plyometric,bodyweight,athletic_power_plyometric,plyometric_reactive,reactive,basic,primer,developmental,plyometric|volume,line_hop,,,line_hop,bodyweight,,reps,high,0,False,
ex_jump_rope,Jump Rope,Jump Rope,,conditioning,content_eligible,locomotion,jump_plyometric,plyometric,,plyometric_reactive,reactive|bilateral,basic,primer|finisher,developmental,plyometric|density|work_rest,pogo,,,jump_rope,jump_rope,,sec,high,0.1,False,Optional impact
ex_pogo_jump,Pogo Jump,Pogo Jump,,power,created,jump_plyometric,jump_plyometric,bodyweight,athletic_power_plyometric,plyometric_reactive,reactive|ballistic,basic,primer|power,developmental,plyometric|volume,pogo_jump,,,pogo_jump,bodyweight,,reps,high,0,False,
ex_repeated_broad_jump,Repeated Broad Jump,Repeated Broad Jump,,power,created,jump_plyometric,jump_plyometric,bodyweight,athletic_power_plyometric,power|plyometric_reactive,reactive|explosive|ballistic,intermediate,power,developmental,plyometric|distance|volume,repeated_broad_jump,,,repeated_broad_jump,bodyweight,,m,high,0,False,
ex_single_leg_broad_jump,Single-Leg Broad Jump,Single-Leg Broad Jump,,power,created,jump_plyometric,jump_plyometric,bodyweight,athletic_power_plyometric,power|plyometric_reactive,unilateral|explosive,advanced,power,developmental,plyometric|distance,single_leg_broad_jump,,,single_leg_broad_jump,bodyweight,,m,high,0,False,
ex_single_leg_hop_and_stick,Single-Leg Hop-and-Stick,Single-Leg Hop-and-Stick,,power,created,jump_plyometric,jump_plyometric,bodyweight,athletic_power_plyometric,plyometric_reactive|athletic_multiplanar,unilateral|reactive|stability_demanding,intermediate,power,developmental,plyometric|technical,single_leg_hop_and_stick,,,single_leg_hop_and_stick,bodyweight,,reps,high,0,False,
ex_skater_jump_lateral_bound,Lateral Bound,Lateral Bound,Skater Jump,power,created,jump_plyometric,jump_plyometric,bodyweight,athletic_power_plyometric,power|plyometric_reactive|athletic_multiplanar,unilateral|multiplanar|explosive,intermediate,power,developmental,plyometric|distance,skater_jump_lateral_bound,,,skater_jump_lateral_bound,bodyweight,,m,high,0,False,
ex_snap_down,Snap-Down,Snap-Down,,power,created,jump_plyometric,jump_plyometric,bodyweight,athletic_power_plyometric,plyometric_reactive,reactive|technical,basic,primer,developmental,technical,snap_down,,,snap_down,bodyweight,,reps,high,0,False,
ex_squat_jump,Squat Jump,Squat Jump,,power,created,jump_plyometric,jump_plyometric|squat,bodyweight,athletic_power_plyometric,power|plyometric_reactive,explosive|ballistic,basic,power,developmental,plyometric|volume,squat_jump,,,squat_jump,bodyweight,,reps,high,0,False,
ex_box_jump,Box Jump,Box Jump,,conditioning,content_eligible,plyometric,jump_plyometric,power,athletic_power_plyometric,power|plyometric_reactive,explosive|ballistic|bilateral,intermediate,power|primer,developmental,plyometric|technical|volume,vertical_jump,,,box_jump,box,,reps,high,0.3,False,Later postpartum only
ex_crossover_step_up,Crossover Step-Up,Crossover Step-Up,,power,created,lunge,lunge,dumbbell,athletic_power_plyometric,functional_strength|athletic_multiplanar,unilateral|multiplanar|contralateral,intermediate,secondary_strength,developmental,load|reps,crossover_step_up,ex_step_up,,crossover_step_up,box|db,,reps,low,0,False,
ex_db_step_up_to_knee_drive,DB Step-Up to Knee Drive,DB Step-Up to Knee Drive,,power,created,lunge,lunge,dumbbell,athletic_power_plyometric,functional_strength|athletic_multiplanar,unilateral|stability_demanding,intermediate,secondary_strength,developmental,load|reps,db_step_up_to_knee_drive,ex_step_up,,db_step_up_to_knee_drive,box|db,,reps,low,0,False,
ex_front_foot_elevated_split_squat,Front-Foot-Elevated Split Squat,Front-Foot-Elevated Split Squat,,strength,created,lunge,lunge,barbell,foundational_repeatable,functional_strength|hypertrophy,unilateral|stability_demanding,intermediate,secondary_strength,developmental,load|reps|range_of_motion,front_foot_elevated_split_squat,ex_bulgarian_split_squat,,front_foot_elevated_split_squat,barbell|db,,reps,low,0,False,
ex_front_rack_walking_lunge,Front-Rack Walking Lunge,Front-Rack Walking Lunge,,conditioning,created,lunge,lunge|carry,barbell,complex_specific_novel,functional_strength|strength_endurance,unilateral|loaded_locomotion,intermediate,secondary_strength|finisher,variable_complex,load|distance,front_rack_walking_lunge,ex_walking_lunge,,front_rack_walking_lunge,barbell|db|kb,,m,low,0,False,
ex_landmine_reverse_lunge_to_press,Landmine Reverse Lunge to Press,Landmine Reverse Lunge to Press,,conditioning,created,lunge,lunge|vertical_push|rotation,mixed,complex_specific_novel,integrated_complex|athletic_multiplanar,unilateral|complex|multiplanar,advanced,finisher,variable_complex,load|reps,landmine_reverse_lunge_to_press,,,landmine_reverse_lunge_to_press,landmine,,reps,low,0,False,
ex_lateral_lunge,Lateral Lunge,Lateral Lunge,,power,created,lunge,lunge,barbell,athletic_power_plyometric,functional_strength|athletic_multiplanar,unilateral|multiplanar,intermediate,secondary_strength,developmental,load|reps|range_of_motion,lateral_lunge,,,lateral_lunge,barbell|db|kb,,reps,low,0,False,
ex_lateral_step_up,Lateral Step-Up,Lateral Step-Up,,power,created,lunge,lunge,dumbbell,athletic_power_plyometric,functional_strength|athletic_multiplanar,unilateral|multiplanar,intermediate,secondary_strength,developmental,load|reps,lateral_step_up,ex_step_up,,lateral_step_up,box|db,,reps,low,0,False,
ex_lateral_step_up_to_balance,Lateral Step-Up to Balance,Lateral Step-Up to Balance,,power,created,lunge,lunge,dumbbell,athletic_power_plyometric,functional_strength|athletic_multiplanar,unilateral|multiplanar|stability_demanding,intermediate,secondary_strength,developmental,load|reps,lateral_step_up_to_balance,ex_step_up,,lateral_step_up_to_balance,box|db,,reps,low,0,False,
ex_offset_front_rack_reverse_lunge,Offset Front-Rack Reverse Lunge,Offset Front-Rack Reverse Lunge,,conditioning,created,lunge,lunge|trunk,dumbbell,complex_specific_novel,functional_strength|athletic_multiplanar,unilateral|contralateral|stability_demanding,intermediate,secondary_strength,variable_complex,load|reps,offset_front_rack_reverse_lunge,ex_reverse_lunge,,offset_front_rack_reverse_lunge,db|kb,,reps,low,0,False,
ex_overhead_walking_lunge,Overhead Walking Lunge,Overhead Walking Lunge,,conditioning,created,lunge,lunge|trunk,barbell,complex_specific_novel,functional_strength|athletic_multiplanar,unilateral|loaded_locomotion|stability_demanding,advanced,secondary_strength|finisher,variable_complex,load|distance,overhead_walking_lunge,ex_walking_lunge,,overhead_walking_lunge,barbell|db|kb,,m,low,0,False,
ex_reverse_lunge,Reverse Lunge,Reverse Lunge,,strength,content_eligible,lunge,lunge,strength,foundational_repeatable,functional_strength|hypertrophy,foundational|unilateral,basic,secondary_strength|accessory,anchor,load|reps,reverse_lunge,,ex_offset_front_rack_reverse_lunge,reverse_lunge,db,,reps,low,0.6,True,Lower impact
ex_bulgarian_split_squat,Bulgarian Split Squat,Bulgarian Split Squat,,strength,content_eligible,single_leg,lunge,strength,foundational_repeatable,functional_strength|hypertrophy,foundational|unilateral|stability_demanding,intermediate,primary_strength|secondary_strength|accessory,anchor,load|reps,split_squat,,ex_front_foot_elevated_split_squat,bulgarian_split_squat,bench|db,,reps,medium,0.6,True,Unilateral
ex_box_step_over,Box Step-Over,Box Step-Over,,conditioning,content_eligible,single_leg,lunge,strength_endurance,,strength_endurance|functional_strength,simple|unilateral,basic,accessory|finisher,developmental,reps|distance|density,step_up,,,box_step_over,box,,reps,low,0.5,True,Low impact
ex_step_up,Step-Up,Step-Up,,conditioning,content_eligible,single_leg,lunge,bodyweight,foundational_repeatable,functional_strength|hypertrophy,foundational|unilateral,basic,secondary_strength|accessory,anchor,load|reps,step_up,,ex_lateral_step_up|ex_crossover_step_up|ex_db_step_up_to_knee_drive|ex_lateral_step_up_to_balance,step_up,box,,reps,low,0.3,True,Low impact
ex_sandbag_walking_lunge,Sandbag Walking Lunge,Sandbag Walking Lunge,,hyrox,content_eligible,lunge,lunge|carry,strength_endurance,,strength_endurance|functional_strength,unilateral|loaded_locomotion|hybrid_specific,intermediate,finisher|secondary_strength,developmental,load|distance|reps,walking_lunge,,,sandbag_walking_lunge,sandbag,,steps,medium,1.0,True,Race station
ex_walking_lunge,Walking Lunge,Walking Lunge,,strength,content_eligible,lunge,lunge,strength,athletic_power_plyometric,strength_endurance|functional_strength,unilateral|loaded_locomotion,basic,secondary_strength|finisher,developmental,load|distance|reps,walking_lunge,,ex_overhead_walking_lunge|ex_front_rack_walking_lunge,walking_lunge,db,,steps,medium,0.8,True,Race carryover
ex_barbell_high_pull,Barbell High Pull,Barbell High Pull,,power,created,olympic_explosive,olympic_explosive|hinge,barbell,athletic_power_plyometric,power,explosive|ballistic|technical,intermediate,power,developmental,technical|load|velocity,barbell_high_pull,,,barbell_high_pull,barbell,,reps,high,0,False,
ex_clean_pull,Clean Pull,Clean Pull,,power,created,olympic_explosive,olympic_explosive|hinge,barbell,athletic_power_plyometric,power,explosive|ballistic|technical,intermediate,power,developmental,technical|load|velocity,clean_pull,,,clean_pull,barbell,,reps,high,0,False,
ex_db_hang_clean,DB Hang Clean,DB Hang Clean,,power,created,olympic_explosive,olympic_explosive|hinge,dumbbell,athletic_power_plyometric,power|functional_strength,explosive|ballistic|technical,intermediate,power,developmental,technical|load|velocity,db_hang_clean,,,db_hang_clean,db,,reps,high,0,False,
ex_db_high_pull,DB High Pull,DB High Pull,,power,created,olympic_explosive,olympic_explosive|hinge,dumbbell,athletic_power_plyometric,power,explosive|ballistic,basic,power,developmental,technical|load|velocity,db_high_pull,,,db_high_pull,db,,reps,high,0,False,
ex_db_jump_shrug,DB Jump Shrug,DB Jump Shrug,,power,created,olympic_explosive,olympic_explosive|hinge,dumbbell,athletic_power_plyometric,power,explosive|ballistic,basic,power,developmental,velocity|load,db_jump_shrug,,,db_jump_shrug,db,,reps,high,0,False,
ex_db_snatch,DB Snatch,DB Snatch,,power,created,olympic_explosive,olympic_explosive|hinge,dumbbell,athletic_power_plyometric,power|integrated_complex,unilateral|explosive|ballistic,intermediate,power|finisher,developmental,technical|load|reps,db_snatch,,,db_snatch,db,,reps,high,0,False,
ex_double_db_hang_clean,Double-DB Hang Clean,Double-DB Hang Clean,,power,created,olympic_explosive,olympic_explosive|hinge,dumbbell,athletic_power_plyometric,power|functional_strength,explosive|ballistic|technical,intermediate,power,developmental,technical|load|velocity,double_db_hang_clean,,,double_db_hang_clean,db,,reps,high,0,False,
ex_hang_power_clean,Hang Power Clean,Hang Power Clean,,power,created,olympic_explosive,olympic_explosive|hinge,barbell,athletic_power_plyometric,power,explosive|ballistic|technical,intermediate,power,developmental,technical|load|velocity,hang_power_clean,,,hang_power_clean,barbell,,reps,high,0,False,
ex_hang_power_snatch,Hang Power Snatch,Hang Power Snatch,,power,created,olympic_explosive,olympic_explosive|hinge,barbell,athletic_power_plyometric,power,explosive|ballistic|technical,advanced,power,developmental,technical|load|velocity,hang_power_snatch,,,hang_power_snatch,barbell,,reps,high,0,False,
ex_kb_clean,KB Clean,KB Clean,,power,created,olympic_explosive,olympic_explosive|hinge,kettlebell,athletic_power_plyometric,power|functional_strength,unilateral|explosive|ballistic,intermediate,power,developmental,technical|load|reps,kb_clean,,,kb_clean,kb,,reps,high,0,False,
ex_kb_clean_front_rack_reverse_lunge,KB Clean + Front-Rack Reverse Lunge,KB Clean + Front-Rack Reverse Lunge,,conditioning,created,olympic_explosive,olympic_explosive|lunge,kettlebell,complex_specific_novel,integrated_complex|functional_strength,unilateral|complex,intermediate,secondary_strength|finisher,variable_complex,load|reps,kb_clean_front_rack_reverse_lunge,,,kb_clean_front_rack_reverse_lunge,kb,,reps,low,0,False,
ex_kb_snatch,KB Snatch,KB Snatch,,power,created,olympic_explosive,olympic_explosive|hinge,kettlebell,athletic_power_plyometric,power|integrated_complex,unilateral|explosive|ballistic|technical,advanced,power,developmental,technical|load|reps,kb_snatch,,,kb_snatch,kb,,reps,high,0,False,
ex_power_clean,Power Clean,Power Clean,,power,created,olympic_explosive,olympic_explosive|hinge,barbell,athletic_power_plyometric,power,explosive|ballistic|technical,advanced,power,developmental,technical|load|velocity,power_clean,,,power_clean,barbell,,reps,high,0,False,
ex_single_arm_kb_clean_press,Single-Arm KB Clean + Press,Single-Arm KB Clean + Press,,conditioning,created,olympic_explosive,olympic_explosive|vertical_push|complex_total_body,kettlebell,complex_specific_novel,integrated_complex|power|functional_strength,unilateral|complex|explosive,intermediate,power|finisher,variable_complex,load|reps,single_arm_kb_clean_press,,,single_arm_kb_clean_press,kb,,reps,medium,0,False,
ex_half_kneeling_cable_chop_to_press,Half-Kneeling Cable Chop to Press,Half-Kneeling Cable Chop to Press,,conditioning,created,rotation,rotation|horizontal_push|trunk,cable,complex_specific_novel,integrated_complex|athletic_multiplanar,rotational|complex|stability_demanding,advanced,secondary_strength,variable_complex,load|reps,half_kneeling_cable_chop_to_press,,,half_kneeling_cable_chop_to_press,cable,,reps,low,0,False,
ex_med_ball_scoop_toss,Med-Ball Scoop Toss,Med-Ball Scoop Toss,,conditioning,created,rotation,rotation|trunk,mixed,complex_specific_novel,power|athletic_multiplanar,rotational|ballistic|explosive,intermediate,power,variable_complex,load|reps|technical,med_ball_scoop_toss,,,med_ball_scoop_toss,medicine_ball|wall,,reps,high,0,False,
ex_med_ball_shot_put_throw,Med-Ball Shot-Put Throw,Med-Ball Shot-Put Throw,,conditioning,created,rotation,rotation|horizontal_push,mixed,complex_specific_novel,power|athletic_multiplanar,unilateral|rotational|ballistic,intermediate,power,variable_complex,load|reps|technical,med_ball_shot_put_throw,,,med_ball_shot_put_throw,medicine_ball|wall,,reps,high,0,False,
ex_rotational_med_ball_throw,Rotational Med-Ball Throw,Rotational Med-Ball Throw,,conditioning,created,rotation,rotation|trunk,mixed,complex_specific_novel,power|athletic_multiplanar,rotational|ballistic|explosive,intermediate,power,variable_complex,load|reps|technical,rotational_med_ball_throw,,,rotational_med_ball_throw,medicine_ball|wall,,reps,high,0,False,
ex_landmine_rotation,Landmine Rotation,Landmine Rotation,,core,content_eligible,rotation,rotation,strength,athletic_power_plyometric,athletic_multiplanar,rotational|multiplanar|unilateral,intermediate,accessory|trunk_carry,developmental,load|reps|technical,rotational_press,,,landmine_rotation,landmine,,reps,low,0.2,True,Trunk
ex_backward_sled_drag,Backward Sled Drag,Backward Sled Drag,,conditioning,created,sled_resisted_locomotion,sled_resisted_locomotion,sled,complex_specific_novel,strength_endurance|structural_resilience,loaded_locomotion,basic,finisher,variable_complex,load|distance|duration,backward_sled_drag,ex_sled_pull,,backward_sled_drag,sled,,m,medium,0,False,
ex_lateral_sled_drag,Lateral Sled Drag,Lateral Sled Drag,,conditioning,created,sled_resisted_locomotion,sled_resisted_locomotion,sled,complex_specific_novel,strength_endurance|athletic_multiplanar,loaded_locomotion|multiplanar,intermediate,finisher,variable_complex,load|distance,lateral_sled_drag,ex_sled_pull,,lateral_sled_drag,sled,,m,medium,0,False,
ex_sled_pull,Sled Pull,Sled Pull,,hyrox,content_eligible,pull,sled_resisted_locomotion,strength_endurance,complex_specific_novel,strength_endurance|power,loaded_locomotion|hybrid_specific,basic,finisher|power,variable_complex,load|distance|work_rest,sled,,ex_backward_sled_drag|ex_lateral_sled_drag,sled_pull,rope|sled,,ft,medium,1.0,True,Rope pull
ex_sled_push,Sled Push,Sled Push,,hyrox,content_eligible,push,sled_resisted_locomotion,strength_endurance,complex_specific_novel,strength_endurance|power,loaded_locomotion|hybrid_specific,basic,finisher|power,variable_complex,load|distance|work_rest,sled,,,sled_push,sled,,ft,medium,1.0,True,20 ft lane friendly
ex_assisted_pistol_squat,Assisted Pistol Squat,Assisted Pistol Squat,,power,created,squat,squat,bodyweight,athletic_power_plyometric,functional_strength,unilateral|stability_demanding,intermediate,secondary_strength,developmental,technical|range_of_motion|reps,assisted_pistol_squat,,,assisted_pistol_squat,bodyweight|rack|trx,,reps,low,0,False,
ex_back_squat,Back Squat,Back Squat,,strength,content_eligible,squat,squat,strength,foundational_repeatable,absolute_strength|functional_strength,foundational|bilateral,intermediate,primary_strength|secondary_strength,anchor,load|reps,back_squat,,,back_squat,barbell|rack,,reps,medium,0.7,True,Main lift
ex_air_squat,Air Squat,Air Squat,,strength,content_eligible,squat,squat,bodyweight,,functional_strength|strength_endurance,foundational|simple|bilateral,basic,primer|accessory|finisher,accessory_anchor,reps|tempo,bodyweight_squat,,,air_squat,bodyweight,,reps,low,0.2,True,Micro workout
ex_box_target_pistol_squat,Box / Target Pistol Squat,Box / Target Pistol Squat,,power,created,squat,squat,bodyweight,athletic_power_plyometric,functional_strength,unilateral|stability_demanding,intermediate,secondary_strength,developmental,range_of_motion|reps,box_target_pistol_squat,,,box_target_pistol_squat,bodyweight|box,,reps,low,0,False,
ex_cossack_squat,Cossack Squat,Cossack Squat,,power,created,squat,squat|lunge,dumbbell,athletic_power_plyometric,functional_strength|athletic_multiplanar,unilateral|multiplanar|stability_demanding,intermediate,secondary_strength,developmental,range_of_motion|load|reps,cossack_squat,,,cossack_squat,bodyweight|db|kb,,reps,low,0,False,
ex_db_front_rack_squat,DB Front-Rack Squat,DB Front-Rack Squat,,strength,created,squat,squat,dumbbell,foundational_repeatable,absolute_strength|functional_strength,foundational|bilateral,basic,primary_strength,anchor,load|reps,db_front_rack_squat,ex_front_squat,,db_front_rack_squat,db,,reps,low,0,False,
ex_db_front_squat_press,DB Front Squat + Press,DB Front Squat + Press,,conditioning,created,squat,squat|vertical_push|complex_total_body,dumbbell,complex_specific_novel,integrated_complex|strength_endurance,complex,intermediate,finisher,variable_complex,load|reps,db_front_squat_press,,,db_front_squat_press,db,,reps,medium,0,False,
ex_front_squat,Front Squat,Front Squat,,strength,content_eligible,squat,squat,strength,foundational_repeatable,absolute_strength|functional_strength,foundational|bilateral|technical,advanced,primary_strength|secondary_strength,anchor,load|reps,front_squat,,ex_db_front_rack_squat,front_squat,barbell|rack,,reps,medium,0.8,True,Upright squat
ex_goblet_squat,Goblet Squat,Goblet Squat,,strength,content_eligible,squat,squat,strength,foundational_repeatable,functional_strength|hypertrophy,foundational|bilateral,basic,primary_strength|secondary_strength|primer,anchor,load|reps,goblet_squat,,,goblet_squat,db|kb,,reps,low,0.6,True,Short-session friendly
ex_landmine_squat_to_press,Landmine Squat to Press,Landmine Squat to Press,,conditioning,created,squat,squat|vertical_push|complex_total_body,mixed,complex_specific_novel,integrated_complex|power,complex|explosive,intermediate,finisher,variable_complex,load|reps,landmine_squat_to_press,,,landmine_squat_to_press,landmine,,reps,medium,0,False,
ex_overhead_squat,Overhead Squat,Overhead Squat,,power,created,squat,squat|trunk,barbell,athletic_power_plyometric,functional_strength|athletic_multiplanar,technical|stability_demanding|complex,advanced,secondary_strength,developmental,technical|range_of_motion|load,overhead_squat,,,overhead_squat,barbell,,reps,low,0,False,
ex_pistol_squat_single_leg_squat,Pistol Squat,Pistol Squat,Single-Leg Squat,power,created,squat,squat,dumbbell,athletic_power_plyometric,functional_strength|athletic_multiplanar,unilateral|stability_demanding|technical,advanced,secondary_strength,developmental,technical|range_of_motion|load|reps,pistol_squat_single_leg_squat,,,pistol_squat_single_leg_squat,bodyweight|db|kb,,reps,low,0,False,
ex_sandbag_bear_hug_squat,Sandbag Bear-Hug Squat,Sandbag Bear-Hug Squat,,power,created,squat,squat|carry,sandbag,athletic_power_plyometric,functional_strength|strength_endurance,loaded_locomotion|stability_demanding,basic,secondary_strength,developmental,load|reps,sandbag_bear_hug_squat,,,sandbag_bear_hug_squat,sandbag,,sec,low,0,False,
ex_skater_squat,Skater Squat,Skater Squat,,power,created,squat,squat|lunge,dumbbell,athletic_power_plyometric,functional_strength|athletic_multiplanar,unilateral|stability_demanding,advanced,secondary_strength,developmental,technical|range_of_motion|reps,skater_squat,,,skater_squat,bodyweight|db,,reps,low,0,False,
ex_ab_wheel_rollout,Ab Wheel Rollout,Ab Wheel Rollout,,power,created,trunk,trunk,mixed,athletic_power_plyometric,functional_strength|structural_resilience,stability_demanding|technical,intermediate,trunk_carry,developmental,range_of_motion|reps,ab_wheel_rollout,,,ab_wheel_rollout,ab_wheel,,reps,low,0,False,
ex_pallof_press,Pallof Press,Pallof Press,,core,content_eligible,anti_rotation,trunk|rotation,strength,foundational_repeatable,structural_resilience|functional_strength,stability_demanding|rotational,basic,trunk_carry|accessory,accessory_anchor,load|reps|tempo,anti_rotation,,ex_pallof_hold|ex_half_kneeling_pallof_press,pallof_press,bands|cable,,reps,low,0.2,True,Core
ex_bear_plank,Bear Plank,Bear Plank,,strength,created,trunk,trunk|ground_get_up,bodyweight,foundational_repeatable,structural_resilience,stability_demanding,basic,trunk_carry,developmental,duration|complexity,bear_plank,,,bear_plank,bodyweight,,sec,medium,0,False,
ex_bear_plank_shoulder_tap,Bear Plank Shoulder Tap,Bear Plank Shoulder Tap,,power,created,trunk,trunk|ground_get_up,bodyweight,athletic_power_plyometric,structural_resilience|athletic_multiplanar,contralateral|stability_demanding,intermediate,trunk_carry,developmental,reps|technical,bear_plank_shoulder_tap,,,bear_plank_shoulder_tap,bodyweight,,reps,medium,0,False,
ex_bird_dog,Bird Dog,Bird Dog,,strength,created,trunk,trunk,bodyweight,foundational_repeatable,structural_resilience,contralateral|stability_demanding,basic,trunk_carry,developmental,reps|technical,bird_dog,,,bird_dog,bodyweight,,reps,low,0,False,
ex_bird_dog_row,Bird Dog Row,Bird Dog Row,,power,created,trunk,trunk|horizontal_pull,dumbbell,athletic_power_plyometric,functional_strength|athletic_multiplanar,contralateral|stability_demanding,intermediate,trunk_carry|secondary_strength,developmental,load|reps,bird_dog_row,,,bird_dog_row,bench|db,,reps,low,0,False,
ex_body_saw,Body Saw,Body Saw,,power,created,trunk,trunk,mixed,athletic_power_plyometric,structural_resilience|strength_endurance,stability_demanding,intermediate,trunk_carry,developmental,reps|range_of_motion,body_saw,,,body_saw,sliders|trx,,reps,low,0,False,
ex_cable_chop,Cable Chop,Cable Chop,,power,created,trunk,trunk|rotation,cable,athletic_power_plyometric,functional_strength|athletic_multiplanar,rotational|multiplanar,intermediate,trunk_carry,developmental,load|reps,cable_chop,,,cable_chop,cable,,reps,low,0,False,
ex_cable_crunch,Cable Crunch,Cable Crunch,,strength,created,trunk,trunk,cable,foundational_repeatable,hypertrophy|functional_strength,simple,basic,trunk_carry,developmental,load|reps,cable_crunch,,,cable_crunch,cable,,reps,low,0,False,
ex_cable_lift,Cable Lift,Cable Lift,,power,created,trunk,trunk|rotation,cable,athletic_power_plyometric,functional_strength|athletic_multiplanar,rotational|multiplanar,intermediate,trunk_carry,developmental,load|reps,cable_lift,,,cable_lift,cable,,reps,low,0,False,
ex_copenhagen_plank,Copenhagen Plank,Copenhagen Plank,,power,created,trunk,trunk,mixed,athletic_power_plyometric,structural_resilience|functional_strength,unilateral|stability_demanding,intermediate,trunk_carry,developmental,duration|complexity,copenhagen_plank,,,copenhagen_plank,bench,,sec,low,0,False,
ex_cross_body_mountain_climber,Cross-Body Mountain Climber,Cross-Body Mountain Climber,,conditioning,created,trunk,trunk|rotation|ground_get_up,bodyweight,complex_specific_novel,strength_endurance|athletic_multiplanar,dynamic|contralateral|rotational,basic,finisher,variable_complex,reps|duration,cross_body_mountain_climber,,,cross_body_mountain_climber,bodyweight,,reps,medium,0,False,
ex_dead_bug,Dead Bug,Dead Bug,,strength,created,trunk,trunk,bodyweight,foundational_repeatable,structural_resilience,foundational|simple,basic,trunk_carry,developmental,reps|technical,dead_bug,,,dead_bug,bodyweight,,reps,low,0,False,
ex_front_plank,Front Plank,Front Plank,,strength,created,trunk,trunk,bodyweight,foundational_repeatable,structural_resilience,foundational|simple,basic,trunk_carry,developmental,duration|load,front_plank,,,front_plank,bodyweight,,sec,low,0,False,
ex_half_kneeling_pallof_press,Half-Kneeling Pallof Press,Half-Kneeling Pallof Press,,power,created,trunk,trunk|rotation,cable,athletic_power_plyometric,structural_resilience|athletic_multiplanar,anti_rotation|stability_demanding,intermediate,trunk_carry,developmental,load|reps,half_kneeling_pallof_press,ex_pallof_press,,half_kneeling_pallof_press,bands|cable,,reps,low,0,False,
ex_hanging_knee_raise,Hanging Knee Raise,Hanging Knee Raise,,power,created,trunk,trunk,mixed,athletic_power_plyometric,functional_strength|strength_endurance,stability_demanding,intermediate,trunk_carry,developmental,reps|range_of_motion,hanging_knee_raise,,,hanging_knee_raise,rig,,reps,low,0,False,
ex_hanging_leg_raise,Hanging Leg Raise,Hanging Leg Raise,,power,created,trunk,trunk,mixed,athletic_power_plyometric,functional_strength|strength_endurance,stability_demanding|technical,advanced,trunk_carry,developmental,reps|range_of_motion,hanging_leg_raise,,,hanging_leg_raise,rig,,reps,low,0,False,
ex_hollow_hold,Hollow Hold,Hollow Hold,,strength,created,trunk,trunk,bodyweight,foundational_repeatable,structural_resilience,foundational|simple,basic,trunk_carry,developmental,duration|technical,hollow_hold,,,hollow_hold,bodyweight,,sec,low,0,False,
ex_hollow_rock,Hollow Rock,Hollow Rock,,power,created,trunk,trunk,bodyweight,athletic_power_plyometric,structural_resilience|strength_endurance,dynamic|stability_demanding,intermediate,trunk_carry,developmental,reps|duration,hollow_rock,,,hollow_rock,bodyweight,,reps,low,0,False,
ex_side_plank,Side Plank,Side Plank,,core,content_eligible,anti_lateral,trunk,isometric,foundational_repeatable,structural_resilience,stability_demanding|unilateral,basic,trunk_carry|accessory,accessory_anchor,volume|tempo,lateral_trunk,,,side_plank,bodyweight,,sec,low,0.2,True,Core
ex_med_ball_slam,Med-Ball Slam,Med-Ball Slam,,conditioning,created,trunk,trunk|complex_total_body,mixed,complex_specific_novel,power|strength_endurance,ballistic|explosive,basic,power|finisher,variable_complex,load|reps|density,med_ball_slam,,,med_ball_slam,medicine_ball,,reps,high,0,False,
ex_mountain_climber,Mountain Climber,Mountain Climber,,conditioning,created,trunk,trunk|ground_get_up,bodyweight,complex_specific_novel,strength_endurance,dynamic|contralateral,basic,finisher,variable_complex,reps|duration,mountain_climber,,,mountain_climber,bodyweight,,reps,medium,0,False,
ex_pallof_hold,Pallof Hold,Pallof Hold,,strength,created,trunk,trunk|rotation,cable,foundational_repeatable,structural_resilience,anti_rotation|stability_demanding,basic,trunk_carry,developmental,load|duration,pallof_hold,ex_pallof_press,,pallof_hold,bands|cable,,sec,low,0,False,
ex_plank_db_drag,Plank DB Drag,Plank DB Drag,,power,created,trunk,trunk|horizontal_pull,dumbbell,athletic_power_plyometric,functional_strength|athletic_multiplanar,contralateral|anti_rotation|stability_demanding,intermediate,trunk_carry,developmental,load|reps,plank_db_drag,,,plank_db_drag,db,,reps,low,0,False,
ex_plank_jack,Plank Jack,Plank Jack,,conditioning,created,trunk,trunk,bodyweight,complex_specific_novel,strength_endurance,dynamic|complex,basic,finisher,variable_complex,reps|duration,plank_jack,,,plank_jack,bodyweight,,reps,low,0,False,
ex_reverse_crunch,Reverse Crunch,Reverse Crunch,,strength,created,trunk,trunk,bodyweight,foundational_repeatable,hypertrophy|structural_resilience,simple,basic,trunk_carry,developmental,reps,reverse_crunch,,,reverse_crunch,bodyweight,,reps,low,0,False,
ex_sorensen_hold,Sorensen Hold,Sorensen Hold,,strength,created,trunk,trunk|hinge,mixed,foundational_repeatable,structural_resilience,foundational|simple,intermediate,trunk_carry,developmental,duration|load,sorensen_hold,,,sorensen_hold,back_extension,,sec,low,0,False,
ex_stability_ball_rollout,Stability-Ball Rollout,Stability-Ball Rollout,,power,created,trunk,trunk,mixed,athletic_power_plyometric,structural_resilience,stability_demanding,intermediate,trunk_carry,developmental,range_of_motion|reps,stability_ball_rollout,,,stability_ball_rollout,stability_ball,,reps,low,0,False,
ex_breathing_core_reset,Breathing Core Reset,Breathing Core Reset,,recovery,content_eligible,breathing,trunk,recovery,,structural_resilience,foundational|simple,basic,primer,,,trunk_primer,,,breathing_core_reset,bodyweight,,min,low,0.1,True,Postpartum reset
ex_v_up,V-Up,V-Up,,power,created,trunk,trunk,bodyweight,athletic_power_plyometric,strength_endurance,dynamic,intermediate,trunk_carry,developmental,reps,v_up,,,v_up,bodyweight,,reps,low,0,False,
ex_weighted_dead_bug,Weighted Dead Bug,Weighted Dead Bug,,strength,created,trunk,trunk,dumbbell,foundational_repeatable,structural_resilience|functional_strength,stability_demanding,intermediate,trunk_carry,developmental,load|reps,weighted_dead_bug,,,weighted_dead_bug,db,,reps,low,0,False,
ex_weighted_plank,Weighted Plank,Weighted Plank,,strength,created,trunk,trunk,sandbag,foundational_repeatable,functional_strength|structural_resilience,stability_demanding,intermediate,trunk_carry,developmental,load|duration,weighted_plank,,,weighted_plank,plate|sandbag,,sec,low,0,False,
ex_lat_pulldown,Lat Pulldown,Lat Pulldown,,strength,created,vertical_pull,vertical_pull,cable,foundational_repeatable,hypertrophy|functional_strength,foundational|bilateral,basic,secondary_strength,anchor,load|reps,lat_pulldown,,,lat_pulldown,cable|machine,,reps,low,0,False,
ex_straight_arm_pulldown,Straight-Arm Pulldown,Straight-Arm Pulldown,,accessory,created,vertical_pull,vertical_pull|accessory_isolation,cable,foundational_repeatable,hypertrophy,simple,basic,accessory,accessory_anchor,load|reps,straight_arm_pulldown,,,straight_arm_pulldown,bands|cable,,reps,low,0,False,
ex_pull_up,Pull-Up,Pull-Up / Chin-Up,Pull-Up,strength,content_eligible,vertical_pull,vertical_pull,strength,foundational_repeatable,absolute_strength|functional_strength,foundational|bilateral,intermediate,primary_strength|secondary_strength,anchor,reps|load,vertical_pull,,,pull_up,rig,,reps,medium,0.4,True,Assist as needed
ex_1_arm_db_overhead_press,1-Arm DB Overhead Press,1-Arm DB Overhead Press,,strength,created,vertical_push,vertical_push,dumbbell,foundational_repeatable,functional_strength,foundational|unilateral|stability_demanding,basic,secondary_strength,anchor,load|reps,1_arm_db_overhead_press,,,1_arm_db_overhead_press,db,,reps,low,0,False,
ex_arnold_press,Arnold Press,Arnold Press,,strength,created,vertical_push,vertical_push,dumbbell,foundational_repeatable,hypertrophy|functional_strength,complex,intermediate,accessory|secondary_strength,accessory_anchor,load|reps,arnold_press,,,arnold_press,db,,reps,low,0,False,
ex_bottoms_up_kb_press,Bottoms-Up KB Press,Bottoms-Up KB Press,,power,created,vertical_push,vertical_push,kettlebell,athletic_power_plyometric,functional_strength|structural_resilience,unilateral|stability_demanding|technical,advanced,secondary_strength,developmental,technical|load|reps,bottoms_up_kb_press,,,bottoms_up_kb_press,kb,,reps,low,0,False,
ex_half_kneeling_1_arm_press,Half-Kneeling 1-Arm Press,Half-Kneeling 1-Arm Press,,power,created,vertical_push,vertical_push|trunk,dumbbell,athletic_power_plyometric,functional_strength|athletic_multiplanar,unilateral|stability_demanding,basic,secondary_strength,developmental,load|reps,half_kneeling_1_arm_press,,,half_kneeling_1_arm_press,cable|db|kb,,reps,low,0,False,
ex_landmine_press,Landmine Press,Landmine Press,,strength,content_eligible,vertical_push,vertical_push,strength,athletic_power_plyometric,functional_strength|hypertrophy,unilateral|stability_demanding,intermediate,secondary_strength|accessory,anchor,load|reps,landmine_press,,ex_landmine_rotational_press,landmine_press,landmine,,reps,low,0.4,True,Shoulder friendly
ex_landmine_rotational_press,Landmine Rotational Press,Landmine Rotational Press,,power,created,vertical_push,vertical_push|rotation,mixed,athletic_power_plyometric,power|athletic_multiplanar,rotational|multiplanar|explosive,intermediate,power|secondary_strength,developmental,technical|load|velocity,landmine_rotational_press,ex_landmine_press,,landmine_rotational_press,landmine,,reps,medium,0,False,
ex_push_press,Push Press,Push Press,,strength,content_eligible,vertical_push,vertical_push|olympic_explosive,strength,athletic_power_plyometric,power|absolute_strength,explosive|bilateral|technical,intermediate,power|primary_strength,developmental,load|velocity|technical,push_press,,,push_press,barbell,,reps,medium,0.7,True,Wall-ball carryover
ex_strict_overhead_press,Strict Overhead Press,Strict Overhead Press,,strength,created,vertical_push,vertical_push,barbell,foundational_repeatable,absolute_strength|functional_strength,foundational|bilateral,intermediate,primary_strength,anchor,load|reps,strict_overhead_press,,,strict_overhead_press,barbell|db,,reps,low,0,False,
ex_tall_kneeling_press,Tall-Kneeling Press,Tall-Kneeling Press,,power,created,vertical_push,vertical_push|trunk,dumbbell,athletic_power_plyometric,functional_strength|structural_resilience,stability_demanding,basic,secondary_strength,developmental,load|reps,tall_kneeling_press,,,tall_kneeling_press,db|kb,,reps,low,0,False,
ex_z_press,Z Press,Z Press,,power,created,vertical_push,vertical_push|trunk,barbell,athletic_power_plyometric,functional_strength|structural_resilience,stability_demanding|technical,intermediate,secondary_strength,developmental,load|reps,z_press,,,z_press,barbell|db,,reps,low,0,False,
