ruling,ruling_notes,id,name,gate_disposition,referenced_by,reason
"KEEP_EXISTING","","ex_run","Run","KEEP_EXISTING","157","out of scope: not a strength movement"
"KEEP_EXISTING","","ex_incline_walk","Incline Walk","KEEP_EXISTING","10","out of scope: not a strength movement"
"KEEP_EXISTING","","ex_skierg","SkiErg","KEEP_EXISTING","43","out of scope: not a strength movement"
"KEEP_EXISTING","","ex_spin_bike","Spin Bike","KEEP_EXISTING","11","out of scope: not a strength movement"
"KEEP_EXISTING","","ex_rowerg","RowErg","KEEP_EXISTING","61","out of scope: not a strength movement"
"KEEP_EXISTING","","ex_sandbag_walking_lunge","Sandbag Walking Lunge","KEEP_EXISTING","21","kept by product ruling"
"KEEP_EXISTING","","ex_incline_db_press","Incline DB Press","KEEP_EXISTING","4","kept by product ruling"
"KEEP_EXISTING","","ex_trx_push_up","TRX Push-Up","KEEP_EXISTING","2","referenced by 2 live reference(s)"
"KEEP_EXISTING","","ex_cable_row","Cable Row","KEEP_EXISTING","5","referenced by 5 live reference(s)"
"KEEP_EXISTING","","ex_kettlebell_swing","Kettlebell Swing","KEEP_EXISTING","5","kept by product ruling"
"KEEP_EXISTING","","ex_box_step_over","Box Step-Over","KEEP_EXISTING","13","kept by product ruling"
"KEEP_EXISTING","","ex_sandbag_front_rack_march","Sandbag Front Rack March","KEEP_EXISTING","2","referenced by 2 live reference(s)"
"KEEP_EXISTING","","ex_glute_bridge","Glute Bridge","KEEP_EXISTING","1","referenced by 1 live reference(s)"
"KEEP_EXISTING","","ex_air_squat","Air Squat","KEEP_EXISTING","4","kept by product ruling"
"KEEP_EXISTING","","ex_jump_rope","Jump Rope","KEEP_EXISTING","0","out of scope: not a strength movement"
"KEEP_EXISTING","","ex_boxing_bag","Boxing Bag","KEEP_EXISTING","0","out of scope: not a strength movement"
"KEEP_EXISTING","","ex_pilates_reformer","Pilates Reformer","KEEP_EXISTING","0","out of scope: not a strength movement"
"KEEP_EXISTING","","ex_mobility_flow","Mobility Flow","KEEP_EXISTING","1","out of scope: not a strength movement"
"KEEP_EXISTING","","ex_breathing_core_reset","Breathing Core Reset","KEEP_EXISTING","0","out of scope: not a strength movement"
"KEEP_EXISTING","","ex_trx_row","TRX Row","KEEP_EXISTING","6","kept by product ruling"
"KEEP_EXISTING","","ex_running_drills","Running Drills","KEEP_EXISTING","1","out of scope: not a strength movement"
