ruling,ruling_target_id,ruling_aliases,ruling_variant_parent,ruling_notes,row,proposed_name,proposed_id,gate_disposition,existing_id,progression_class_in_sheet,progression_class,bucket_in_sheet,methodology_bucket,review_status,issues,note
EXACT_EXISTING,ex_back_squat,,,Approved; preserve the deterministic existing-ID reconciliation.,2,Back Squat,ex_back_squat,EXACT_EXISTING,ex_back_squat,anchor,anchor,Primary anchor,foundational_repeatable,Approved,,name matches an existing exercise exactly
EXACT_EXISTING,ex_front_squat,,,Approved; preserve the deterministic existing-ID reconciliation.,3,Front Squat,ex_front_squat,EXACT_EXISTING,ex_front_squat,anchor,anchor,Primary anchor,foundational_repeatable,Approved,,name matches an existing exercise exactly
VARIANT_OF_EXISTING,ex_front_squat,,ex_front_squat,Distinct dumbbell front-rack variant; own canonical ID/history.,4,DB Front-Rack Squat,ex_db_front_rack_squat,REQUIRES_REVIEW,,anchor,anchor,Primary anchor,foundational_repeatable,Approved,,"looks related to ex_front_squat (Front Squat) — rule ALIAS_EXISTING, VARIANT_OF_EXISTING or NEW_CANONICAL"
EXACT_EXISTING,ex_goblet_squat,,,Approved; preserve the deterministic existing-ID reconciliation.,5,Goblet Squat,ex_goblet_squat,EXACT_EXISTING,ex_goblet_squat,anchor,anchor,Primary anchor,foundational_repeatable,Approved,,name matches an existing exercise exactly
RENAME_EXISTING,ex_deadlift,Deadlift,,Approved; preserve the deterministic existing-ID reconciliation.,6,Conventional Deadlift,ex_deadlift,RENAME_EXISTING,ex_deadlift,anchor,anchor,Primary anchor,foundational_repeatable,Approved,,"preferred name for ex_deadlift (was ""Deadlift"")"
EXACT_EXISTING,ex_romanian_deadlift,,,Approved; preserve the deterministic existing-ID reconciliation.,7,Romanian Deadlift,ex_romanian_deadlift,EXACT_EXISTING,ex_romanian_deadlift,anchor,anchor,Primary anchor,foundational_repeatable,Approved,,name matches an existing exercise exactly
VARIANT_OF_EXISTING,ex_deadlift,,ex_deadlift,Distinct deadlift variant with different loading mechanics; own canonical ID/history.,8,Trap-Bar Deadlift,ex_trap_bar_deadlift,REQUIRES_REVIEW,,anchor,anchor,Primary anchor,foundational_repeatable,Approved,,"looks related to ex_deadlift (Deadlift) — rule ALIAS_EXISTING, VARIANT_OF_EXISTING or NEW_CANONICAL"
EXACT_EXISTING,ex_bulgarian_split_squat,,,Approved; preserve the deterministic existing-ID reconciliation.,9,Bulgarian Split Squat,ex_bulgarian_split_squat,EXACT_EXISTING,ex_bulgarian_split_squat,anchor,anchor,Primary anchor,foundational_repeatable,Approved,,name matches an existing exercise exactly
EXACT_EXISTING,ex_reverse_lunge,,,Approved; preserve the deterministic existing-ID reconciliation.,10,Reverse Lunge,ex_reverse_lunge,EXACT_EXISTING,ex_reverse_lunge,anchor,anchor,Primary anchor,foundational_repeatable,Approved,,name matches an existing exercise exactly
EXACT_EXISTING,ex_step_up,,,Approved; preserve the deterministic existing-ID reconciliation.,11,Step-Up,ex_step_up,EXACT_EXISTING,ex_step_up,anchor,anchor,Primary anchor,foundational_repeatable,Approved,,name matches an existing exercise exactly
NEW_CANONICAL,,,,Approved for PIVOT V1 canonical vocabulary.,12,Bench Press,ex_bench_press,NEW_CANONICAL,,anchor,anchor,Primary anchor,foundational_repeatable,Approved,,no existing exercise resembles this
NEW_CANONICAL,,,,Approved as distinct flat dumbbell bench press.,13,DB Bench Press,ex_db_bench_press,REQUIRES_REVIEW,,anchor,anchor,Primary anchor,foundational_repeatable,Approved,,"looks related to ex_incline_db_press (Incline DB Press) — rule ALIAS_EXISTING, VARIANT_OF_EXISTING or NEW_CANONICAL"
EXACT_EXISTING,ex_push_up,,,Approved; preserve the deterministic existing-ID reconciliation.,14,Push-Up,ex_push_up,EXACT_EXISTING,ex_push_up,anchor,anchor,Primary anchor,foundational_repeatable,Approved,,name matches an existing exercise exactly
NEW_CANONICAL,,,,Approved for PIVOT V1 canonical vocabulary.,15,Strict Overhead Press,ex_strict_overhead_press,NEW_CANONICAL,,anchor,anchor,Primary anchor,foundational_repeatable,Approved,,no existing exercise resembles this
NEW_CANONICAL,,,,Approved as distinct unilateral vertical press.,16,1-Arm DB Overhead Press,ex_1_arm_db_overhead_press,REQUIRES_REVIEW,,anchor,anchor,Primary anchor,foundational_repeatable,Approved,,"looks related to ex_incline_db_press (Incline DB Press) — rule ALIAS_EXISTING, VARIANT_OF_EXISTING or NEW_CANONICAL"
RENAME_EXISTING,ex_db_row,DB Row,,Approved; preserve the deterministic existing-ID reconciliation.,17,1-Arm DB Row,ex_db_row,RENAME_EXISTING,ex_db_row,anchor,anchor,Primary anchor,foundational_repeatable,Approved,,"preferred name for ex_db_row (was ""DB Row"")"
NEW_CANONICAL,,,,Approved for PIVOT V1 canonical vocabulary.,18,Chest-Supported Row,ex_chest_supported_row,NEW_CANONICAL,,anchor,anchor,Primary anchor,foundational_repeatable,Approved,,no existing exercise resembles this
ALIAS_EXISTING,ex_cable_row,Cable / Seated Row,,Same movement vocabulary as existing Cable Row; preserve existing ID.,19,Cable / Seated Row,ex_cable_seated_row,REQUIRES_REVIEW,,anchor,anchor,Primary anchor,foundational_repeatable,Approved,,"looks related to ex_cable_row (Cable Row) — rule ALIAS_EXISTING, VARIANT_OF_EXISTING or NEW_CANONICAL"
RENAME_EXISTING,ex_pull_up,Pull-Up,,Approved; preserve the deterministic existing-ID reconciliation.,20,Pull-Up / Chin-Up,ex_pull_up,RENAME_EXISTING,ex_pull_up,anchor,anchor,Primary anchor,foundational_repeatable,Approved,,"preferred name for ex_pull_up (was ""Pull-Up"")"
NEW_CANONICAL,,,,Approved for PIVOT V1 canonical vocabulary.,21,Lat Pulldown,ex_lat_pulldown,NEW_CANONICAL,,anchor,anchor,Primary anchor,foundational_repeatable,Approved,,no existing exercise resembles this
EXACT_EXISTING,ex_farmer_carry,,,Approved; preserve the deterministic existing-ID reconciliation.,22,Farmer Carry,ex_farmer_carry,EXACT_EXISTING,ex_farmer_carry,anchor,anchor,Primary anchor,foundational_repeatable,Approved,,name matches an existing exercise exactly
NEW_CANONICAL,,,,Approved for PIVOT V1 canonical vocabulary.,23,Suitcase Carry,ex_suitcase_carry,NEW_CANONICAL,,anchor,anchor,Primary anchor,foundational_repeatable,Approved,,no existing exercise resembles this
NEW_CANONICAL,,,,Approved for PIVOT V1 canonical vocabulary.,24,Hip Thrust,ex_hip_thrust,NEW_CANONICAL,,anchor,anchor,Primary anchor,foundational_repeatable,Approved,,no existing exercise resembles this
DUPLICATE_CANDIDATE,,,,Do not create generic Calf Raise. Standing Calf Raise and Seated Calf Raise give cleaner mechanics and performance history.,25,Calf Raise,ex_calf_raise,NEW_CANONICAL,,anchor,anchor,Primary anchor,foundational_repeatable,Approved,,no existing exercise resembles this
ALIAS_EXISTING,ex_incline_db_press,Incline DB Bench Press,,Same movement as existing Incline DB Press; preserve existing ID. Explicit product rule: accept the bucket implication and set progression_class=accessory_anchor in the source/migration.,26,Incline DB Bench Press,ex_incline_db_bench_press,REQUIRES_REVIEW,,anchor,,Accessory/secondary anchor,foundational_repeatable,Approved,"bucket ""Accessory/secondary anchor"" implies progression_class accessory_anchor, sheet says anchor — set it at source","looks related to ex_incline_db_press (Incline DB Press) — rule ALIAS_EXISTING, VARIANT_OF_EXISTING or NEW_CANONICAL"
NEW_CANONICAL,,,,Approved for PIVOT V1 canonical vocabulary. Explicit product rule: accept the bucket implication and set progression_class=accessory_anchor in the source/migration.,27,Close-Grip Bench Press,ex_close_grip_bench_press,NEW_CANONICAL,,anchor,,Accessory/secondary anchor,foundational_repeatable,Approved,"bucket ""Accessory/secondary anchor"" implies progression_class accessory_anchor, sheet says anchor — set it at source",no existing exercise resembles this
NEW_CANONICAL,,,,Approved; distinct ROM/setup from bench press. Explicit product rule: accept the bucket implication and set progression_class=accessory_anchor in the source/migration.,28,DB Floor Press,ex_db_floor_press,REQUIRES_REVIEW,,anchor,,Accessory/secondary anchor,foundational_repeatable,Approved,"bucket ""Accessory/secondary anchor"" implies progression_class accessory_anchor, sheet says anchor — set it at source","looks related to ex_incline_db_press (Incline DB Press) — rule ALIAS_EXISTING, VARIANT_OF_EXISTING or NEW_CANONICAL"
NEW_CANONICAL,,,,Approved for PIVOT V1 canonical vocabulary. Explicit product rule: accept the bucket implication and set progression_class=accessory_anchor in the source/migration.,29,Barbell Row,ex_barbell_row,NEW_CANONICAL,,anchor,,Accessory/secondary anchor,foundational_repeatable,Approved,"bucket ""Accessory/secondary anchor"" implies progression_class accessory_anchor, sheet says anchor — set it at source",no existing exercise resembles this
VARIANT_OF_EXISTING,ex_trx_row,,ex_trx_row,Horizontal bodyweight row variant; keep separate canonical but relate to existing TRX Row. Explicit product rule: accept the bucket implication and set progression_class=accessory_anchor in the source/migration.,30,Inverted Row,ex_inverted_row,NEW_CANONICAL,,anchor,,Accessory/secondary anchor,foundational_repeatable,Approved,"bucket ""Accessory/secondary anchor"" implies progression_class accessory_anchor, sheet says anchor — set it at source",no existing exercise resembles this
ALIAS_EXISTING,ex_glute_bridge,Hip Bridge,,Same movement as existing Glute Bridge; preserve live ID and history. Explicit product rule: accept the bucket implication and set progression_class=accessory_anchor in the source/migration.,31,Hip Bridge,ex_hip_bridge,NEW_CANONICAL,,anchor,,Accessory anchor,foundational_repeatable,Approved,"bucket ""Accessory anchor"" implies progression_class accessory_anchor, sheet says anchor — set it at source",no existing exercise resembles this
NEW_CANONICAL,,,,Approved for PIVOT V1 canonical vocabulary. Explicit product rule: accept the bucket implication and set progression_class=accessory_anchor in the source/migration.,32,DB Curl,ex_db_curl,NEW_CANONICAL,,anchor,,Accessory anchor,foundational_repeatable,Approved,"bucket ""Accessory anchor"" implies progression_class accessory_anchor, sheet says anchor — set it at source",no existing exercise resembles this
NEW_CANONICAL,,,,Approved for PIVOT V1 canonical vocabulary. Explicit product rule: accept the bucket implication and set progression_class=accessory_anchor in the source/migration.,33,Hammer Curl,ex_hammer_curl,NEW_CANONICAL,,anchor,,Accessory anchor,foundational_repeatable,Approved,"bucket ""Accessory anchor"" implies progression_class accessory_anchor, sheet says anchor — set it at source",no existing exercise resembles this
NEW_CANONICAL,,,,Approved for PIVOT V1 canonical vocabulary. Explicit product rule: accept the bucket implication and set progression_class=accessory_anchor in the source/migration.,34,Cable Curl,ex_cable_curl,NEW_CANONICAL,,anchor,,Accessory anchor,foundational_repeatable,Approved,"bucket ""Accessory anchor"" implies progression_class accessory_anchor, sheet says anchor — set it at source",no existing exercise resembles this
NEW_CANONICAL,,,,Approved for PIVOT V1 canonical vocabulary. Explicit product rule: accept the bucket implication and set progression_class=accessory_anchor in the source/migration.,35,Incline DB Curl,ex_incline_db_curl,NEW_CANONICAL,,anchor,,Accessory anchor,foundational_repeatable,Approved,"bucket ""Accessory anchor"" implies progression_class accessory_anchor, sheet says anchor — set it at source",no existing exercise resembles this
NEW_CANONICAL,,,,Approved for PIVOT V1 canonical vocabulary. Explicit product rule: accept the bucket implication and set progression_class=accessory_anchor in the source/migration.,36,Triceps Pushdown,ex_triceps_pushdown,NEW_CANONICAL,,anchor,,Accessory anchor,foundational_repeatable,Approved,"bucket ""Accessory anchor"" implies progression_class accessory_anchor, sheet says anchor — set it at source",no existing exercise resembles this
NEW_CANONICAL,,,,Approved for PIVOT V1 canonical vocabulary. Explicit product rule: accept the bucket implication and set progression_class=accessory_anchor in the source/migration.,37,Overhead Triceps Extension,ex_overhead_triceps_extension,NEW_CANONICAL,,anchor,,Accessory anchor,foundational_repeatable,Approved,"bucket ""Accessory anchor"" implies progression_class accessory_anchor, sheet says anchor — set it at source",no existing exercise resembles this
NEW_CANONICAL,,,,Approved for PIVOT V1 canonical vocabulary. Explicit product rule: accept the bucket implication and set progression_class=accessory_anchor in the source/migration.,38,Skull Crusher,ex_skull_crusher,NEW_CANONICAL,,anchor,,Accessory anchor,foundational_repeatable,Approved,"bucket ""Accessory anchor"" implies progression_class accessory_anchor, sheet says anchor — set it at source",no existing exercise resembles this
NEW_CANONICAL,,,,Approved for PIVOT V1 canonical vocabulary. Explicit product rule: accept the bucket implication and set progression_class=accessory_anchor in the source/migration.,39,DB Lateral Raise,ex_db_lateral_raise,NEW_CANONICAL,,anchor,,Accessory anchor,foundational_repeatable,Approved,"bucket ""Accessory anchor"" implies progression_class accessory_anchor, sheet says anchor — set it at source",no existing exercise resembles this
NEW_CANONICAL,,,,Approved for PIVOT V1 canonical vocabulary. Explicit product rule: accept the bucket implication and set progression_class=accessory_anchor in the source/migration.,40,Rear-Delt Fly,ex_rear_delt_fly,NEW_CANONICAL,,anchor,,Accessory anchor,foundational_repeatable,Approved,"bucket ""Accessory anchor"" implies progression_class accessory_anchor, sheet says anchor — set it at source",no existing exercise resembles this
NEW_CANONICAL,,,,Approved for PIVOT V1 canonical vocabulary. Explicit product rule: accept the bucket implication and set progression_class=accessory_anchor in the source/migration.,41,Face Pull,ex_face_pull,NEW_CANONICAL,,anchor,,Accessory anchor,foundational_repeatable,Approved,"bucket ""Accessory anchor"" implies progression_class accessory_anchor, sheet says anchor — set it at source",no existing exercise resembles this
NEW_CANONICAL,,,,"Approved, but CREATE_AS: Cable Fly. Do not use generic machine equipment or treat Machine Fly as an alias; author a machine-specific fly later only if needed. Explicit product rule: accept the bucket implication and set progression_class=accessory_anchor in the source/migration.",42,Cable / Machine Fly,ex_cable_machine_fly,NEW_CANONICAL,,anchor,,Accessory anchor,foundational_repeatable,Approved,"bucket ""Accessory anchor"" implies progression_class accessory_anchor, sheet says anchor — set it at source",no existing exercise resembles this
NEW_CANONICAL,,,,Approved for PIVOT V1 canonical vocabulary. Explicit product rule: accept the bucket implication and set progression_class=accessory_anchor in the source/migration.,43,Leg Curl,ex_leg_curl,NEW_CANONICAL,,anchor,,Accessory anchor,foundational_repeatable,Approved,"bucket ""Accessory anchor"" implies progression_class accessory_anchor, sheet says anchor — set it at source",no existing exercise resembles this
NEW_CANONICAL,,,,Approved for PIVOT V1 canonical vocabulary. Explicit product rule: accept the bucket implication and set progression_class=accessory_anchor in the source/migration.,44,Leg Extension,ex_leg_extension,NEW_CANONICAL,,anchor,,Accessory anchor,foundational_repeatable,Approved,"bucket ""Accessory anchor"" implies progression_class accessory_anchor, sheet says anchor — set it at source",no existing exercise resembles this
NEW_CANONICAL,,,,Approved for PIVOT V1 canonical vocabulary. Explicit product rule: accept the bucket implication and set progression_class=accessory_anchor in the source/migration.,45,Standing Calf Raise,ex_standing_calf_raise,NEW_CANONICAL,,anchor,,Accessory anchor,foundational_repeatable,Approved,"bucket ""Accessory anchor"" implies progression_class accessory_anchor, sheet says anchor — set it at source",no existing exercise resembles this
NEW_CANONICAL,,,,Approved for PIVOT V1 canonical vocabulary. Explicit product rule: accept the bucket implication and set progression_class=accessory_anchor in the source/migration.,46,Seated Calf Raise,ex_seated_calf_raise,NEW_CANONICAL,,anchor,,Accessory anchor,foundational_repeatable,Approved,"bucket ""Accessory anchor"" implies progression_class accessory_anchor, sheet says anchor — set it at source",no existing exercise resembles this
NEW_CANONICAL,,,,Approved for PIVOT V1 canonical vocabulary. Explicit product rule: accept the bucket implication and set progression_class=accessory_anchor in the source/migration.,47,Tibialis Raise,ex_tibialis_raise,NEW_CANONICAL,,anchor,,Accessory anchor,foundational_repeatable,Approved,"bucket ""Accessory anchor"" implies progression_class accessory_anchor, sheet says anchor — set it at source",no existing exercise resembles this
NEW_CANONICAL,,,,Approved for PIVOT V1 canonical vocabulary. Explicit product rule: accept the bucket implication and set progression_class=accessory_anchor in the source/migration.,48,Hip Abduction,ex_hip_abduction,NEW_CANONICAL,,anchor,,Accessory anchor,foundational_repeatable,Approved,"bucket ""Accessory anchor"" implies progression_class accessory_anchor, sheet says anchor — set it at source",no existing exercise resembles this
NEW_CANONICAL,,,,Approved for PIVOT V1 canonical vocabulary. Explicit product rule: accept the bucket implication and set progression_class=accessory_anchor in the source/migration.,49,Hip Adduction,ex_hip_adduction,NEW_CANONICAL,,anchor,,Accessory anchor,foundational_repeatable,Approved,"bucket ""Accessory anchor"" implies progression_class accessory_anchor, sheet says anchor — set it at source",no existing exercise resembles this
NEW_CANONICAL,,,,Approved for PIVOT V1 canonical vocabulary. Explicit product rule: accept the bucket implication and set progression_class=accessory_anchor in the source/migration.,50,Back Extension,ex_back_extension,NEW_CANONICAL,,anchor,,Accessory anchor,foundational_repeatable,Approved,"bucket ""Accessory anchor"" implies progression_class accessory_anchor, sheet says anchor — set it at source",no existing exercise resembles this
NEW_CANONICAL,,,,Approved for PIVOT V1 canonical vocabulary. Explicit product rule: accept the bucket implication and set progression_class=accessory_anchor in the source/migration.,51,Straight-Arm Pulldown,ex_straight_arm_pulldown,NEW_CANONICAL,,anchor,,Accessory anchor,foundational_repeatable,Approved,"bucket ""Accessory anchor"" implies progression_class accessory_anchor, sheet says anchor — set it at source",no existing exercise resembles this
NEW_CANONICAL,,,,Approved for PIVOT V1 canonical vocabulary. Explicit product rule: accept the bucket implication and set progression_class=accessory_anchor in the source/migration.,52,Y-Raise,ex_y_raise,NEW_CANONICAL,,anchor,,Accessory anchor,foundational_repeatable,Approved,"bucket ""Accessory anchor"" implies progression_class accessory_anchor, sheet says anchor — set it at source",no existing exercise resembles this
VARIANT_OF_EXISTING,ex_bulgarian_split_squat,,ex_bulgarian_split_squat,Split-squat family variant with materially different setup.,53,Front-Foot-Elevated Split Squat,ex_front_foot_elevated_split_squat,REQUIRES_REVIEW,,developmental,developmental,Foundational / repeatable,foundational_repeatable,Approved,,"looks related to ex_front_squat (Front Squat), ex_bulgarian_split_squat (Bulgarian Split Squat) — rule ALIAS_EXISTING, VARIANT_OF_EXISTING or NEW_CANONICAL"
NEW_CANONICAL,,,,Approved for PIVOT V1 canonical vocabulary.,54,Lateral Lunge,ex_lateral_lunge,NEW_CANONICAL,,developmental,developmental,Athletic / power / plyometric,athletic_power_plyometric,Approved,,no existing exercise resembles this
NEW_CANONICAL,,,,Approved for PIVOT V1 canonical vocabulary.,55,Cossack Squat,ex_cossack_squat,NEW_CANONICAL,,developmental,developmental,Athletic / power / plyometric,athletic_power_plyometric,Approved,,no existing exercise resembles this
NEW_CANONICAL,,,,"Approved, but CREATE_AS: Pistol Squat. Treat broader single-leg-squat terminology as family language, not a separate canonical.",56,Pistol Squat / Single-Leg Squat,ex_pistol_squat_single_leg_squat,NEW_CANONICAL,,developmental,developmental,Athletic / power / plyometric,athletic_power_plyometric,Approved,,no existing exercise resembles this
NEW_CANONICAL,,,,Approved for PIVOT V1 canonical vocabulary.,57,Assisted Pistol Squat,ex_assisted_pistol_squat,NEW_CANONICAL,,developmental,developmental,Athletic / power / plyometric,athletic_power_plyometric,Approved,,no existing exercise resembles this
NEW_CANONICAL,,,,Approved for PIVOT V1 canonical vocabulary.,58,Box / Target Pistol Squat,ex_box_target_pistol_squat,NEW_CANONICAL,,developmental,developmental,Athletic / power / plyometric,athletic_power_plyometric,Approved,,no existing exercise resembles this
NEW_CANONICAL,,,,Approved for PIVOT V1 canonical vocabulary.,59,Skater Squat,ex_skater_squat,NEW_CANONICAL,,developmental,developmental,Athletic / power / plyometric,athletic_power_plyometric,Approved,,no existing exercise resembles this
VARIANT_OF_EXISTING,ex_step_up,,ex_step_up,Step-up family variant with frontal-plane demand.,60,Lateral Step-Up,ex_lateral_step_up,REQUIRES_REVIEW,,developmental,developmental,Athletic / power / plyometric,athletic_power_plyometric,Approved,,"looks related to ex_step_up (Step-Up) — rule ALIAS_EXISTING, VARIANT_OF_EXISTING or NEW_CANONICAL"
VARIANT_OF_EXISTING,ex_step_up,,ex_step_up,Step-up family variant with crossover/multiplanar demand.,61,Crossover Step-Up,ex_crossover_step_up,REQUIRES_REVIEW,,developmental,developmental,Athletic / power / plyometric,athletic_power_plyometric,Approved,,"looks related to ex_step_up (Step-Up) — rule ALIAS_EXISTING, VARIANT_OF_EXISTING or NEW_CANONICAL"
VARIANT_OF_EXISTING,ex_romanian_deadlift,,ex_romanian_deadlift,Unilateral Romanian-deadlift variant; separate history.,62,Single-Leg RDL,ex_single_leg_rdl,NEW_CANONICAL,,developmental,developmental,Athletic / power / plyometric,athletic_power_plyometric,Approved,,no existing exercise resembles this
VARIANT_OF_EXISTING,ex_romanian_deadlift,,ex_romanian_deadlift,Staggered-stance Romanian-deadlift variant; separate history.,63,B-Stance RDL,ex_b_stance_rdl,NEW_CANONICAL,,developmental,developmental,Foundational / repeatable,foundational_repeatable,Approved,,no existing exercise resembles this
NEW_CANONICAL,,,,Approved for PIVOT V1 canonical vocabulary.,64,Single-Leg Hip Thrust,ex_single_leg_hip_thrust,NEW_CANONICAL,,developmental,developmental,Foundational / repeatable,foundational_repeatable,Approved,,no existing exercise resembles this
EXACT_EXISTING,ex_walking_lunge,,,Approved; preserve the deterministic existing-ID reconciliation.,65,Walking Lunge,ex_walking_lunge,EXACT_EXISTING,ex_walking_lunge,developmental,developmental,Athletic / power / plyometric,athletic_power_plyometric,Approved,,name matches an existing exercise exactly
NEW_CANONICAL,,,,Approved for PIVOT V1 canonical vocabulary.,66,Z Press,ex_z_press,NEW_CANONICAL,,developmental,developmental,Athletic / power / plyometric,athletic_power_plyometric,Approved,,no existing exercise resembles this
NEW_CANONICAL,,,,Approved for PIVOT V1 canonical vocabulary.,67,Half-Kneeling 1-Arm Press,ex_half_kneeling_1_arm_press,NEW_CANONICAL,,developmental,developmental,Athletic / power / plyometric,athletic_power_plyometric,Approved,,no existing exercise resembles this
NEW_CANONICAL,,,,Approved for PIVOT V1 canonical vocabulary.,68,Tall-Kneeling Press,ex_tall_kneeling_press,NEW_CANONICAL,,developmental,developmental,Athletic / power / plyometric,athletic_power_plyometric,Approved,,no existing exercise resembles this
EXACT_EXISTING,ex_landmine_press,,,Approved; preserve the deterministic existing-ID reconciliation.,69,Landmine Press,ex_landmine_press,EXACT_EXISTING,ex_landmine_press,developmental,developmental,Athletic / power / plyometric,athletic_power_plyometric,Approved,,name matches an existing exercise exactly
VARIANT_OF_EXISTING,ex_landmine_press,,ex_landmine_press,Landmine press family variant with rotational demand.,70,Landmine Rotational Press,ex_landmine_rotational_press,REQUIRES_REVIEW,,developmental,developmental,Athletic / power / plyometric,athletic_power_plyometric,Approved,,"looks related to ex_landmine_press (Landmine Press) — rule ALIAS_EXISTING, VARIANT_OF_EXISTING or NEW_CANONICAL"
NEW_CANONICAL,,,,Approved for PIVOT V1 canonical vocabulary.,71,Bottoms-Up KB Press,ex_bottoms_up_kb_press,NEW_CANONICAL,,developmental,developmental,Athletic / power / plyometric,athletic_power_plyometric,Approved,,no existing exercise resembles this
EXACT_EXISTING,ex_push_press,,,Approved; preserve the deterministic existing-ID reconciliation.,72,Push Press,ex_push_press,EXACT_EXISTING,ex_push_press,developmental,developmental,Athletic / power / plyometric,athletic_power_plyometric,Approved,,name matches an existing exercise exactly
NEW_CANONICAL,,,,Approved for PIVOT V1 canonical vocabulary.,73,DB Hang Clean,ex_db_hang_clean,NEW_CANONICAL,,developmental,developmental,Athletic / power / plyometric,athletic_power_plyometric,Approved,,no existing exercise resembles this
NEW_CANONICAL,,,,Approved for PIVOT V1 canonical vocabulary.,74,Double-DB Hang Clean,ex_double_db_hang_clean,NEW_CANONICAL,,developmental,developmental,Athletic / power / plyometric,athletic_power_plyometric,Approved,,no existing exercise resembles this
NEW_CANONICAL,,,,Approved for PIVOT V1 canonical vocabulary.,75,DB High Pull,ex_db_high_pull,NEW_CANONICAL,,developmental,developmental,Athletic / power / plyometric,athletic_power_plyometric,Approved,,no existing exercise resembles this
NEW_CANONICAL,,,,Approved for PIVOT V1 canonical vocabulary.,76,DB Jump Shrug,ex_db_jump_shrug,NEW_CANONICAL,,developmental,developmental,Athletic / power / plyometric,athletic_power_plyometric,Approved,,no existing exercise resembles this
NEW_CANONICAL,,,,Approved for PIVOT V1 canonical vocabulary.,77,Barbell High Pull,ex_barbell_high_pull,NEW_CANONICAL,,developmental,developmental,Athletic / power / plyometric,athletic_power_plyometric,Approved,,no existing exercise resembles this
NEW_CANONICAL,,,,Approved for PIVOT V1 canonical vocabulary.,78,Clean Pull,ex_clean_pull,NEW_CANONICAL,,developmental,developmental,Athletic / power / plyometric,athletic_power_plyometric,Approved,,no existing exercise resembles this
NEW_CANONICAL,,,,Approved for PIVOT V1 canonical vocabulary.,79,Hang Power Clean,ex_hang_power_clean,NEW_CANONICAL,,developmental,developmental,Athletic / power / plyometric,athletic_power_plyometric,Approved,,no existing exercise resembles this
NEW_CANONICAL,,,,Approved for PIVOT V1 canonical vocabulary.,80,Power Clean,ex_power_clean,NEW_CANONICAL,,developmental,developmental,Athletic / power / plyometric,athletic_power_plyometric,Approved,,no existing exercise resembles this
NEW_CANONICAL,,,,Approved for PIVOT V1 canonical vocabulary.,81,Hang Power Snatch,ex_hang_power_snatch,NEW_CANONICAL,,developmental,developmental,Athletic / power / plyometric,athletic_power_plyometric,Approved,,no existing exercise resembles this
NEW_CANONICAL,,,,Approved for PIVOT V1 canonical vocabulary.,82,DB Snatch,ex_db_snatch,NEW_CANONICAL,,developmental,developmental,Athletic / power / plyometric,athletic_power_plyometric,Approved,,no existing exercise resembles this
NEW_CANONICAL,,,,Approved for PIVOT V1 canonical vocabulary.,83,KB Clean,ex_kb_clean,NEW_CANONICAL,,developmental,developmental,Athletic / power / plyometric,athletic_power_plyometric,Approved,,no existing exercise resembles this
NEW_CANONICAL,,,,Approved for PIVOT V1 canonical vocabulary.,84,KB Snatch,ex_kb_snatch,NEW_CANONICAL,,developmental,developmental,Athletic / power / plyometric,athletic_power_plyometric,Approved,,no existing exercise resembles this
ALIAS_EXISTING,ex_kettlebell_swing,Two-Hand KB Swing,,"Use existing Kettlebell Swing canonical ID; two-hand wording is terminology, not a new identity.",85,Two-Hand KB Swing,ex_two_hand_kb_swing,NEW_CANONICAL,,developmental,developmental,Athletic / power / plyometric,athletic_power_plyometric,Approved,,no existing exercise resembles this
VARIANT_OF_EXISTING,ex_kettlebell_swing,,ex_kettlebell_swing,One-arm kettlebell-swing variant; separate canonical/history.,86,One-Arm KB Swing,ex_one_arm_kb_swing,NEW_CANONICAL,,developmental,developmental,Athletic / power / plyometric,athletic_power_plyometric,Approved,,no existing exercise resembles this
NEW_CANONICAL,,,,Approved for PIVOT V1 canonical vocabulary.,87,Overhead Squat,ex_overhead_squat,NEW_CANONICAL,,developmental,developmental,Athletic / power / plyometric,athletic_power_plyometric,Approved,,no existing exercise resembles this
NEW_CANONICAL,,,,Approved for PIVOT V1 canonical vocabulary.,88,Turkish Get-Up,ex_turkish_get_up,NEW_CANONICAL,,developmental,developmental,Athletic / power / plyometric,athletic_power_plyometric,Approved,,no existing exercise resembles this
NEW_CANONICAL,,,,Approved for PIVOT V1 canonical vocabulary.,89,Sandbag Ground-to-Shoulder,ex_sandbag_ground_to_shoulder,NEW_CANONICAL,,developmental,developmental,Athletic / power / plyometric,athletic_power_plyometric,Approved,,no existing exercise resembles this
NEW_CANONICAL,,,,Approved for PIVOT V1 canonical vocabulary.,90,Sandbag Bear-Hug Squat,ex_sandbag_bear_hug_squat,NEW_CANONICAL,,developmental,developmental,Athletic / power / plyometric,athletic_power_plyometric,Approved,,no existing exercise resembles this
EXACT_EXISTING,ex_sandbag_carry,,,Approved; preserve the deterministic existing-ID reconciliation.,91,Sandbag Carry,ex_sandbag_carry,EXACT_EXISTING,ex_sandbag_carry,developmental,developmental,Athletic / power / plyometric,athletic_power_plyometric,Approved,,name matches an existing exercise exactly
NEW_CANONICAL,,,,Approved for PIVOT V1 canonical vocabulary.,92,Front-Rack Carry,ex_front_rack_carry,NEW_CANONICAL,,developmental,developmental,Athletic / power / plyometric,athletic_power_plyometric,Approved,,no existing exercise resembles this
NEW_CANONICAL,,Overhead Carry,,"Approved, but CREATE_AS: Waiter Carry; 'Overhead Carry' may be stored as an alias where terminology is equivalent.",93,Overhead / Waiter Carry,ex_overhead_waiter_carry,NEW_CANONICAL,,developmental,developmental,Athletic / power / plyometric,athletic_power_plyometric,Approved,,no existing exercise resembles this
NEW_CANONICAL,,,,Approved for PIVOT V1 canonical vocabulary.,94,Zercher Carry,ex_zercher_carry,NEW_CANONICAL,,developmental,developmental,Athletic / power / plyometric,athletic_power_plyometric,Approved,,no existing exercise resembles this
NEW_CANONICAL,,,,Approved for PIVOT V1 canonical vocabulary.,95,Snap-Down,ex_snap_down,NEW_CANONICAL,,developmental,developmental,Athletic / power / plyometric,athletic_power_plyometric,Approved,,no existing exercise resembles this
NEW_CANONICAL,,,,Approved for PIVOT V1 canonical vocabulary.,96,Jump-and-Stick Landing,ex_jump_and_stick_landing,NEW_CANONICAL,,developmental,developmental,Athletic / power / plyometric,athletic_power_plyometric,Approved,,no existing exercise resembles this
NEW_CANONICAL,,,,Approved for PIVOT V1 canonical vocabulary.,97,Pogo Jump,ex_pogo_jump,NEW_CANONICAL,,developmental,developmental,Athletic / power / plyometric,athletic_power_plyometric,Approved,,no existing exercise resembles this
NEW_CANONICAL,,,,Approved for PIVOT V1 canonical vocabulary.,98,Lateral Pogo,ex_lateral_pogo,NEW_CANONICAL,,developmental,developmental,Athletic / power / plyometric,athletic_power_plyometric,Approved,,no existing exercise resembles this
NEW_CANONICAL,,,,Approved for PIVOT V1 canonical vocabulary.,99,Line Hop,ex_line_hop,NEW_CANONICAL,,developmental,developmental,Athletic / power / plyometric,athletic_power_plyometric,Approved,,no existing exercise resembles this
NEW_CANONICAL,,,,Approved for PIVOT V1 canonical vocabulary.,100,Countermovement Jump,ex_countermovement_jump,NEW_CANONICAL,,developmental,developmental,Athletic / power / plyometric,athletic_power_plyometric,Approved,,no existing exercise resembles this
NEW_CANONICAL,,,,Approved for PIVOT V1 canonical vocabulary.,101,Squat Jump,ex_squat_jump,NEW_CANONICAL,,developmental,developmental,Athletic / power / plyometric,athletic_power_plyometric,Approved,,no existing exercise resembles this
EXACT_EXISTING,ex_box_jump,,landing_stick → countermovement_or_box_jump → repeated_reactive → advanced_reactive,Approved; preserve the deterministic existing-ID reconciliation.,102,Box Jump,ex_box_jump,EXACT_EXISTING,ex_box_jump,developmental,developmental,Athletic / power / plyometric,athletic_power_plyometric,Approved,,name matches an existing exercise exactly
NEW_CANONICAL,,,,Approved foundational horizontal plyometric; Burpee Broad Jump is a different compound movement.,103,Broad Jump,ex_broad_jump,REQUIRES_REVIEW,,developmental,developmental,Athletic / power / plyometric,athletic_power_plyometric,Approved,,"looks related to ex_burpee_broad_jump (Burpee Broad Jump) — rule ALIAS_EXISTING, VARIANT_OF_EXISTING or NEW_CANONICAL"
NEW_CANONICAL,,,,Approved repeated/reactive horizontal plyometric.,104,Repeated Broad Jump,ex_repeated_broad_jump,REQUIRES_REVIEW,,developmental,developmental,Athletic / power / plyometric,athletic_power_plyometric,Approved,,"looks related to ex_burpee_broad_jump (Burpee Broad Jump) — rule ALIAS_EXISTING, VARIANT_OF_EXISTING or NEW_CANONICAL"
NEW_CANONICAL,,,,Approved for PIVOT V1 canonical vocabulary.,105,Hurdle Hop,ex_hurdle_hop,NEW_CANONICAL,,developmental,developmental,Athletic / power / plyometric,athletic_power_plyometric,Approved,,no existing exercise resembles this
NEW_CANONICAL,,Skater Jump,,"Approved, but CREATE_AS: Lateral Bound; 'Skater Jump' may be stored as an alias.",106,Skater Jump / Lateral Bound,ex_skater_jump_lateral_bound,NEW_CANONICAL,,developmental,developmental,Athletic / power / plyometric,athletic_power_plyometric,Approved,,no existing exercise resembles this
NEW_CANONICAL,,,,Approved for PIVOT V1 canonical vocabulary.,107,Single-Leg Hop-and-Stick,ex_single_leg_hop_and_stick,NEW_CANONICAL,,developmental,developmental,Athletic / power / plyometric,athletic_power_plyometric,Approved,,no existing exercise resembles this
NEW_CANONICAL,,,,Approved unilateral horizontal plyometric.,108,Single-Leg Broad Jump,ex_single_leg_broad_jump,REQUIRES_REVIEW,,developmental,developmental,Athletic / power / plyometric,athletic_power_plyometric,Approved,,"looks related to ex_burpee_broad_jump (Burpee Broad Jump) — rule ALIAS_EXISTING, VARIANT_OF_EXISTING or NEW_CANONICAL"
NEW_CANONICAL,,,,Approved for PIVOT V1 canonical vocabulary.,109,Lateral Hurdle Hop,ex_lateral_hurdle_hop,NEW_CANONICAL,,developmental,developmental,Athletic / power / plyometric,athletic_power_plyometric,Approved,,no existing exercise resembles this
NEW_CANONICAL,,,,Approved for PIVOT V1 canonical vocabulary.,110,Depth Jump,ex_depth_jump,NEW_CANONICAL,,developmental,developmental,Athletic / power / plyometric,athletic_power_plyometric,Approved,,no existing exercise resembles this
NEW_CANONICAL,,,,Approved for PIVOT V1 canonical vocabulary.,111,Drop Jump to Rebound,ex_drop_jump_to_rebound,NEW_CANONICAL,,developmental,developmental,Athletic / power / plyometric,athletic_power_plyometric,Approved,,no existing exercise resembles this
NEW_CANONICAL,,,,Approved for PIVOT V1 canonical vocabulary.,112,Dead Bug,ex_dead_bug,NEW_CANONICAL,,developmental,developmental,Foundational / repeatable,foundational_repeatable,Approved,,no existing exercise resembles this
NEW_CANONICAL,,,,Approved for PIVOT V1 canonical vocabulary.,113,Weighted Dead Bug,ex_weighted_dead_bug,NEW_CANONICAL,,developmental,developmental,Foundational / repeatable,foundational_repeatable,Approved,,no existing exercise resembles this
NEW_CANONICAL,,,,Approved for PIVOT V1 canonical vocabulary.,114,Hollow Hold,ex_hollow_hold,NEW_CANONICAL,,developmental,developmental,Foundational / repeatable,foundational_repeatable,Approved,,no existing exercise resembles this
NEW_CANONICAL,,,,Approved for PIVOT V1 canonical vocabulary.,115,Hollow Rock,ex_hollow_rock,NEW_CANONICAL,,developmental,developmental,Athletic / power / plyometric,athletic_power_plyometric,Approved,,no existing exercise resembles this
NEW_CANONICAL,,,,Approved for PIVOT V1 canonical vocabulary.,116,Front Plank,ex_front_plank,NEW_CANONICAL,,developmental,developmental,Foundational / repeatable,foundational_repeatable,Approved,,no existing exercise resembles this
NEW_CANONICAL,,,,Approved for PIVOT V1 canonical vocabulary.,117,Weighted Plank,ex_weighted_plank,NEW_CANONICAL,,developmental,developmental,Foundational / repeatable,foundational_repeatable,Approved,,no existing exercise resembles this
NEW_CANONICAL,,,,Approved for PIVOT V1 canonical vocabulary.,118,Body Saw,ex_body_saw,NEW_CANONICAL,,developmental,developmental,Athletic / power / plyometric,athletic_power_plyometric,Approved,,no existing exercise resembles this
NEW_CANONICAL,,,,Approved for PIVOT V1 canonical vocabulary.,119,Ab Wheel Rollout,ex_ab_wheel_rollout,NEW_CANONICAL,,developmental,developmental,Athletic / power / plyometric,athletic_power_plyometric,Approved,,no existing exercise resembles this
NEW_CANONICAL,,,,Approved for PIVOT V1 canonical vocabulary.,120,Stability-Ball Rollout,ex_stability_ball_rollout,NEW_CANONICAL,,developmental,developmental,Athletic / power / plyometric,athletic_power_plyometric,Approved,,no existing exercise resembles this
EXACT_EXISTING,ex_pallof_press,,,Approved; preserve the deterministic existing-ID reconciliation.,121,Pallof Press,ex_pallof_press,EXACT_EXISTING,ex_pallof_press,developmental,developmental,Foundational / repeatable,foundational_repeatable,Approved,,name matches an existing exercise exactly
VARIANT_OF_EXISTING,ex_pallof_press,,ex_pallof_press,Isometric Pallof variant; separate prescription/history while sharing the Pallof family.,122,Pallof Hold,ex_pallof_hold,NEW_CANONICAL,,developmental,developmental,Foundational / repeatable,foundational_repeatable,Approved,,no existing exercise resembles this
VARIANT_OF_EXISTING,ex_pallof_press,,ex_pallof_press,Pallof family variant with kneeling/stability constraint.,123,Half-Kneeling Pallof Press,ex_half_kneeling_pallof_press,REQUIRES_REVIEW,,developmental,developmental,Athletic / power / plyometric,athletic_power_plyometric,Approved,,"looks related to ex_pallof_press (Pallof Press) — rule ALIAS_EXISTING, VARIANT_OF_EXISTING or NEW_CANONICAL"
EXACT_EXISTING,ex_side_plank,,,Approved; preserve the deterministic existing-ID reconciliation.,124,Side Plank,ex_side_plank,EXACT_EXISTING,ex_side_plank,developmental,developmental,Foundational / repeatable,foundational_repeatable,Approved,,name matches an existing exercise exactly
NEW_CANONICAL,,,,Approved for PIVOT V1 canonical vocabulary.,125,Copenhagen Plank,ex_copenhagen_plank,NEW_CANONICAL,,developmental,developmental,Athletic / power / plyometric,athletic_power_plyometric,Approved,,no existing exercise resembles this
NEW_CANONICAL,,,,Approved for PIVOT V1 canonical vocabulary.,126,Bird Dog,ex_bird_dog,NEW_CANONICAL,,developmental,developmental,Foundational / repeatable,foundational_repeatable,Approved,,no existing exercise resembles this
NEW_CANONICAL,,,,Approved for PIVOT V1 canonical vocabulary.,127,Bird Dog Row,ex_bird_dog_row,NEW_CANONICAL,,developmental,developmental,Athletic / power / plyometric,athletic_power_plyometric,Approved,,no existing exercise resembles this
NEW_CANONICAL,,,,Approved for PIVOT V1 canonical vocabulary.,128,Bear Plank,ex_bear_plank,NEW_CANONICAL,,developmental,developmental,Foundational / repeatable,foundational_repeatable,Approved,,no existing exercise resembles this
NEW_CANONICAL,,,,Approved for PIVOT V1 canonical vocabulary.,129,Bear Plank Shoulder Tap,ex_bear_plank_shoulder_tap,NEW_CANONICAL,,developmental,developmental,Athletic / power / plyometric,athletic_power_plyometric,Approved,,no existing exercise resembles this
NEW_CANONICAL,,,,Approved for PIVOT V1 canonical vocabulary.,130,Plank DB Drag,ex_plank_db_drag,NEW_CANONICAL,,developmental,developmental,Athletic / power / plyometric,athletic_power_plyometric,Approved,,no existing exercise resembles this
NEW_CANONICAL,,,,Approved for PIVOT V1 canonical vocabulary.,131,Reverse Crunch,ex_reverse_crunch,NEW_CANONICAL,,developmental,developmental,Foundational / repeatable,foundational_repeatable,Approved,,no existing exercise resembles this
NEW_CANONICAL,,,,Approved for PIVOT V1 canonical vocabulary.,132,Cable Crunch,ex_cable_crunch,NEW_CANONICAL,,developmental,developmental,Foundational / repeatable,foundational_repeatable,Approved,,no existing exercise resembles this
NEW_CANONICAL,,,,Approved for PIVOT V1 canonical vocabulary.,133,Hanging Knee Raise,ex_hanging_knee_raise,NEW_CANONICAL,,developmental,developmental,Athletic / power / plyometric,athletic_power_plyometric,Approved,,no existing exercise resembles this
NEW_CANONICAL,,,,Approved for PIVOT V1 canonical vocabulary.,134,Hanging Leg Raise,ex_hanging_leg_raise,NEW_CANONICAL,,developmental,developmental,Athletic / power / plyometric,athletic_power_plyometric,Approved,,no existing exercise resembles this
NEW_CANONICAL,,,,Approved for PIVOT V1 canonical vocabulary.,135,V-Up,ex_v_up,NEW_CANONICAL,,developmental,developmental,Athletic / power / plyometric,athletic_power_plyometric,Approved,,no existing exercise resembles this
NEW_CANONICAL,,,,Approved for PIVOT V1 canonical vocabulary.,136,Cable Chop,ex_cable_chop,NEW_CANONICAL,,developmental,developmental,Athletic / power / plyometric,athletic_power_plyometric,Approved,,no existing exercise resembles this
NEW_CANONICAL,,,,Approved for PIVOT V1 canonical vocabulary.,137,Cable Lift,ex_cable_lift,NEW_CANONICAL,,developmental,developmental,Athletic / power / plyometric,athletic_power_plyometric,Approved,,no existing exercise resembles this
EXACT_EXISTING,ex_landmine_rotation,,,Approved; preserve the deterministic existing-ID reconciliation.,138,Landmine Rotation,ex_landmine_rotation,EXACT_EXISTING,ex_landmine_rotation,developmental,developmental,Athletic / power / plyometric,athletic_power_plyometric,Approved,,name matches an existing exercise exactly
NEW_CANONICAL,,,,Approved for PIVOT V1 canonical vocabulary.,139,Sorensen Hold,ex_sorensen_hold,NEW_CANONICAL,,developmental,developmental,Foundational / repeatable,foundational_repeatable,Approved,,no existing exercise resembles this
NEW_CANONICAL,,,,Approved for PIVOT V1 canonical vocabulary.,140,Reverse Hyper,ex_reverse_hyper,NEW_CANONICAL,,developmental,developmental,Foundational / repeatable,foundational_repeatable,Approved,,no existing exercise resembles this
VARIANT_OF_EXISTING,ex_glute_bridge,,ex_glute_bridge,Dynamic unilateral-stability variant of existing Glute Bridge.,141,Glute Bridge March,ex_glute_bridge_march,NEW_CANONICAL,,developmental,developmental,Foundational / repeatable,foundational_repeatable,Approved,,no existing exercise resembles this
NEW_CANONICAL,,,,Approved for PIVOT V1 canonical vocabulary.,142,Barbell Thruster,ex_barbell_thruster,NEW_CANONICAL,,variable_complex,variable_complex,Complex / specific / novel,complex_specific_novel,Approved,,no existing exercise resembles this
NEW_CANONICAL,,,,Approved for PIVOT V1 canonical vocabulary.,143,DB Thruster,ex_db_thruster,NEW_CANONICAL,,variable_complex,variable_complex,Complex / specific / novel,complex_specific_novel,Approved,,no existing exercise resembles this
NEW_CANONICAL,,,,Approved for PIVOT V1 canonical vocabulary.,144,Single-Arm DB Thruster,ex_single_arm_db_thruster,NEW_CANONICAL,,variable_complex,variable_complex,Complex / specific / novel,complex_specific_novel,Approved,,no existing exercise resembles this
NEW_CANONICAL,,,,Approved for PIVOT V1 canonical vocabulary.,145,Man-Maker,ex_man_maker,NEW_CANONICAL,,variable_complex,variable_complex,Complex / specific / novel,complex_specific_novel,Approved,,no existing exercise resembles this
NEW_CANONICAL,,,,Approved for PIVOT V1 canonical vocabulary.,146,Devil Press,ex_devil_press,NEW_CANONICAL,,variable_complex,variable_complex,Complex / specific / novel,complex_specific_novel,Approved,,no existing exercise resembles this
NEW_CANONICAL,,,,Approved for PIVOT V1 canonical vocabulary.,147,Renegade Row,ex_renegade_row,NEW_CANONICAL,,variable_complex,variable_complex,Complex / specific / novel,complex_specific_novel,Approved,,no existing exercise resembles this
NEW_CANONICAL,,,,Approved integrated complex; keep this naming as the canonical push-up/renegade-row combination.,148,Renegade Row + Push-Up,ex_renegade_row_push_up,REQUIRES_REVIEW,,variable_complex,variable_complex,Complex / specific / novel,complex_specific_novel,Approved,,"looks related to ex_push_up (Push-Up), ex_trx_push_up (TRX Push-Up) — rule ALIAS_EXISTING, VARIANT_OF_EXISTING or NEW_CANONICAL"
NEW_CANONICAL,,,,Approved integrated dumbbell complex.,149,DB Clean + Front Squat,ex_db_clean_front_squat,REQUIRES_REVIEW,,variable_complex,variable_complex,Complex / specific / novel,complex_specific_novel,Approved,,"looks related to ex_front_squat (Front Squat) — rule ALIAS_EXISTING, VARIANT_OF_EXISTING or NEW_CANONICAL"
NEW_CANONICAL,,,,Approved integrated dumbbell complex.,150,DB Clean + Push Press,ex_db_clean_push_press,REQUIRES_REVIEW,,variable_complex,variable_complex,Complex / specific / novel,complex_specific_novel,Approved,,"looks related to ex_push_press (Push Press), ex_incline_db_press (Incline DB Press) — rule ALIAS_EXISTING, VARIANT_OF_EXISTING or NEW_CANONICAL"
NEW_CANONICAL,,,,Approved three-part dumbbell complex.,151,DB Clean + Front Squat + Push Press,ex_db_clean_front_squat_push_press,REQUIRES_REVIEW,,variable_complex,variable_complex,Complex / specific / novel,complex_specific_novel,Approved,,"looks related to ex_push_press (Push Press), ex_incline_db_press (Incline DB Press) — rule ALIAS_EXISTING, VARIANT_OF_EXISTING or NEW_CANONICAL"
NEW_CANONICAL,,,,Approved three-part dumbbell complex.,152,DB Deadlift + Hang Clean + Front Squat,ex_db_deadlift_hang_clean_front_squat,REQUIRES_REVIEW,,variable_complex,variable_complex,Complex / specific / novel,complex_specific_novel,Approved,,"looks related to ex_front_squat (Front Squat) — rule ALIAS_EXISTING, VARIANT_OF_EXISTING or NEW_CANONICAL"
NEW_CANONICAL,,,,Approved integrated unilateral complex.,153,DB Snatch + Overhead Reverse Lunge,ex_db_snatch_overhead_reverse_lunge,REQUIRES_REVIEW,,variable_complex,variable_complex,Complex / specific / novel,complex_specific_novel,Approved,,"looks related to ex_reverse_lunge (Reverse Lunge) — rule ALIAS_EXISTING, VARIANT_OF_EXISTING or NEW_CANONICAL"
NEW_CANONICAL,,,,Approved for PIVOT V1 canonical vocabulary.,154,Front-Rack Reverse Lunge + Press,ex_front_rack_reverse_lunge_press,NEW_CANONICAL,,variable_complex,variable_complex,Complex / specific / novel,complex_specific_novel,Approved,,no existing exercise resembles this
NEW_CANONICAL,,,,Approved for PIVOT V1 canonical vocabulary.,155,Burpee to DB Clean,ex_burpee_to_db_clean,NEW_CANONICAL,,variable_complex,variable_complex,Complex / specific / novel,complex_specific_novel,Approved,,no existing exercise resembles this
NEW_CANONICAL,,,,Approved for PIVOT V1 canonical vocabulary.,156,DB Ground-to-Overhead,ex_db_ground_to_overhead,NEW_CANONICAL,,variable_complex,variable_complex,Complex / specific / novel,complex_specific_novel,Approved,,no existing exercise resembles this
EXACT_EXISTING,ex_bear_crawl,,,Approved; preserve the deterministic existing-ID reconciliation.,157,Bear Crawl,ex_bear_crawl,EXACT_EXISTING,ex_bear_crawl,variable_complex,variable_complex,Complex / specific / novel,complex_specific_novel,Approved,,name matches an existing exercise exactly
VARIANT_OF_EXISTING,ex_bear_crawl,,ex_bear_crawl,Loaded bear-crawl variant; keep separate canonical/history.,158,Bear Crawl + DB Drag,ex_bear_crawl_db_drag,NEW_CANONICAL,,variable_complex,variable_complex,Complex / specific / novel,complex_specific_novel,Approved,,no existing exercise resembles this
NEW_CANONICAL,,,,Approved for PIVOT V1 canonical vocabulary.,159,Crab Walk,ex_crab_walk,NEW_CANONICAL,,variable_complex,variable_complex,Complex / specific / novel,complex_specific_novel,Approved,,no existing exercise resembles this
NEW_CANONICAL,,,,Approved for PIVOT V1 canonical vocabulary.,160,Turkish Get-Up to Carry,ex_turkish_get_up_to_carry,NEW_CANONICAL,,variable_complex,variable_complex,Complex / specific / novel,complex_specific_novel,Approved,,no existing exercise resembles this
NEW_CANONICAL,,,,Approved integrated clean-to-carry complex.,161,Sandbag Clean + Bear-Hug Carry,ex_sandbag_clean_bear_hug_carry,REQUIRES_REVIEW,,variable_complex,variable_complex,Complex / specific / novel,complex_specific_novel,Approved,,"looks related to ex_sandbag_carry (Sandbag Carry) — rule ALIAS_EXISTING, VARIANT_OF_EXISTING or NEW_CANONICAL"
NEW_CANONICAL,,,,Approved for PIVOT V1 canonical vocabulary.,162,Sandbag Ground-to-Shoulder + Squat,ex_sandbag_ground_to_shoulder_squat,NEW_CANONICAL,,variable_complex,variable_complex,Complex / specific / novel,complex_specific_novel,Approved,,no existing exercise resembles this
NEW_CANONICAL,,,,Approved for PIVOT V1 canonical vocabulary.,163,Sandbag Get-Up,ex_sandbag_get_up,NEW_CANONICAL,,variable_complex,variable_complex,Complex / specific / novel,complex_specific_novel,Approved,,no existing exercise resembles this
EXACT_EXISTING,ex_sled_push,,,Approved; preserve the deterministic existing-ID reconciliation.,164,Sled Push,ex_sled_push,EXACT_EXISTING,ex_sled_push,variable_complex,variable_complex,Complex / specific / novel,complex_specific_novel,Approved,,name matches an existing exercise exactly
EXACT_EXISTING,ex_sled_pull,,,Approved; preserve the deterministic existing-ID reconciliation.,165,Sled Pull,ex_sled_pull,EXACT_EXISTING,ex_sled_pull,variable_complex,variable_complex,Complex / specific / novel,complex_specific_novel,Approved,,name matches an existing exercise exactly
VARIANT_OF_EXISTING,ex_sled_pull,,ex_sled_pull,Sled-pull family variant with backward locomotion.,166,Backward Sled Drag,ex_backward_sled_drag,NEW_CANONICAL,,variable_complex,variable_complex,Complex / specific / novel,complex_specific_novel,Approved,,no existing exercise resembles this
VARIANT_OF_EXISTING,ex_sled_pull,,ex_sled_pull,Sled-pull family variant with lateral locomotion.,167,Lateral Sled Drag,ex_lateral_sled_drag,NEW_CANONICAL,,variable_complex,variable_complex,Complex / specific / novel,complex_specific_novel,Approved,,no existing exercise resembles this
EXACT_EXISTING,ex_wall_ball,,,Approved; preserve the deterministic existing-ID reconciliation.,168,Wall Ball,ex_wall_ball,EXACT_EXISTING,ex_wall_ball,variable_complex,variable_complex,Complex / specific / novel,complex_specific_novel,Approved,,name matches an existing exercise exactly
NEW_CANONICAL,,,,Approved for PIVOT V1 canonical vocabulary.,169,Med-Ball Slam,ex_med_ball_slam,NEW_CANONICAL,,variable_complex,variable_complex,Complex / specific / novel,complex_specific_novel,Approved,,no existing exercise resembles this
NEW_CANONICAL,,,,Approved for PIVOT V1 canonical vocabulary.,170,Rotational Med-Ball Throw,ex_rotational_med_ball_throw,NEW_CANONICAL,,variable_complex,variable_complex,Complex / specific / novel,complex_specific_novel,Approved,,no existing exercise resembles this
NEW_CANONICAL,,,,Approved for PIVOT V1 canonical vocabulary.,171,Med-Ball Scoop Toss,ex_med_ball_scoop_toss,NEW_CANONICAL,,variable_complex,variable_complex,Complex / specific / novel,complex_specific_novel,Approved,,no existing exercise resembles this
NEW_CANONICAL,,,,Approved for PIVOT V1 canonical vocabulary.,172,Med-Ball Shot-Put Throw,ex_med_ball_shot_put_throw,NEW_CANONICAL,,variable_complex,variable_complex,Complex / specific / novel,complex_specific_novel,Approved,,no existing exercise resembles this
EXACT_EXISTING,ex_burpee_broad_jump,,,Approved; preserve the deterministic existing-ID reconciliation.,173,Burpee Broad Jump,ex_burpee_broad_jump,EXACT_EXISTING,ex_burpee_broad_jump,variable_complex,variable_complex,Complex / specific / novel,complex_specific_novel,Approved,,name matches an existing exercise exactly
NEW_CANONICAL,,,,Approved combination plyometric.,174,Broad Jump + Vertical Jump,ex_broad_jump_vertical_jump,REQUIRES_REVIEW,,variable_complex,variable_complex,Complex / specific / novel,complex_specific_novel,Approved,,"looks related to ex_burpee_broad_jump (Burpee Broad Jump) — rule ALIAS_EXISTING, VARIANT_OF_EXISTING or NEW_CANONICAL"
NEW_CANONICAL,,,,Approved for PIVOT V1 canonical vocabulary.,175,Lateral Bound + Sprint,ex_lateral_bound_sprint,NEW_CANONICAL,,variable_complex,variable_complex,Complex / specific / novel,complex_specific_novel,Approved,,no existing exercise resembles this
NEW_CANONICAL,,,,Approved plyometric traversal task; distinct from Box Step-Over.,176,Box Jump Over,ex_box_jump_over,REQUIRES_REVIEW,,variable_complex,variable_complex,Complex / specific / novel,complex_specific_novel,Approved,,"looks related to ex_box_step_over (Box Step-Over) — rule ALIAS_EXISTING, VARIANT_OF_EXISTING or NEW_CANONICAL"
DUPLICATE_CANDIDATE,,,,Cut from V1. Adds little training value beyond combining two independent movements and creates noisy performance history.,177,DB Walking Lunge + Curl,ex_db_walking_lunge_curl,NEW_CANONICAL,,variable_complex,variable_complex,Complex / specific / novel,complex_specific_novel,Approved,,no existing exercise resembles this
NEW_CANONICAL,,,,Approved integrated hinge/pull complex.,178,DB Romanian Deadlift + Row,ex_db_romanian_deadlift_row,REQUIRES_REVIEW,,variable_complex,variable_complex,Complex / specific / novel,complex_specific_novel,Approved,,"looks related to ex_db_row (DB Row) — rule ALIAS_EXISTING, VARIANT_OF_EXISTING or NEW_CANONICAL"
NEW_CANONICAL,,,,Approved squat + deliberate press complex; distinct from continuous thruster.,179,DB Front Squat + Press,ex_db_front_squat_press,REQUIRES_REVIEW,,variable_complex,variable_complex,Complex / specific / novel,complex_specific_novel,Approved,,"looks related to ex_incline_db_press (Incline DB Press) — rule ALIAS_EXISTING, VARIANT_OF_EXISTING or NEW_CANONICAL"
NEW_CANONICAL,,,,Approved for PIVOT V1 canonical vocabulary.,180,Single-Arm KB Clean + Press,ex_single_arm_kb_clean_press,NEW_CANONICAL,,variable_complex,variable_complex,Complex / specific / novel,complex_specific_novel,Approved,,no existing exercise resembles this
NEW_CANONICAL,,,,Approved integrated kettlebell complex.,181,KB Clean + Front-Rack Reverse Lunge,ex_kb_clean_front_rack_reverse_lunge,REQUIRES_REVIEW,,variable_complex,variable_complex,Complex / specific / novel,complex_specific_novel,Approved,,"looks related to ex_reverse_lunge (Reverse Lunge) — rule ALIAS_EXISTING, VARIANT_OF_EXISTING or NEW_CANONICAL"
NEW_CANONICAL,,,,Approved ballistic + squat complex.,182,KB Swing + Goblet Squat,ex_kb_swing_goblet_squat,REQUIRES_REVIEW,,variable_complex,variable_complex,Complex / specific / novel,complex_specific_novel,Approved,,"looks related to ex_goblet_squat (Goblet Squat) — rule ALIAS_EXISTING, VARIANT_OF_EXISTING or NEW_CANONICAL"
VARIANT_OF_EXISTING,ex_walking_lunge,,ex_walking_lunge,Walking-lunge family variant with overhead stability demand.,183,Overhead Walking Lunge,ex_overhead_walking_lunge,REQUIRES_REVIEW,,variable_complex,variable_complex,Complex / specific / novel,complex_specific_novel,Approved,,"looks related to ex_walking_lunge (Walking Lunge), ex_sandbag_walking_lunge (Sandbag Walking Lunge) — rule ALIAS_EXISTING, VARIANT_OF_EXISTING or NEW_CANONICAL"
VARIANT_OF_EXISTING,ex_walking_lunge,,ex_walking_lunge,Walking-lunge family variant with front-rack loading.,184,Front-Rack Walking Lunge,ex_front_rack_walking_lunge,REQUIRES_REVIEW,,variable_complex,variable_complex,Complex / specific / novel,complex_specific_novel,Approved,,"looks related to ex_walking_lunge (Walking Lunge), ex_sandbag_walking_lunge (Sandbag Walking Lunge) — rule ALIAS_EXISTING, VARIANT_OF_EXISTING or NEW_CANONICAL"
VARIANT_OF_EXISTING,ex_reverse_lunge,,ex_reverse_lunge,Reverse-lunge family variant with offset anti-rotation demand.,185,Offset Front-Rack Reverse Lunge,ex_offset_front_rack_reverse_lunge,REQUIRES_REVIEW,,variable_complex,variable_complex,Complex / specific / novel,complex_specific_novel,Approved,,"looks related to ex_reverse_lunge (Reverse Lunge) — rule ALIAS_EXISTING, VARIANT_OF_EXISTING or NEW_CANONICAL"
VARIANT_OF_EXISTING,ex_romanian_deadlift,,ex_romanian_deadlift,Contralateral unilateral RDL variant; separate canonical/history.,186,Contralateral Single-Leg RDL,ex_contralateral_single_leg_rdl,NEW_CANONICAL,,variable_complex,variable_complex,Complex / specific / novel,complex_specific_novel,Approved,,no existing exercise resembles this
NEW_CANONICAL,,,,Approved integrated landmine squat-to-press complex.,187,Landmine Squat to Press,ex_landmine_squat_to_press,REQUIRES_REVIEW,,variable_complex,variable_complex,Complex / specific / novel,complex_specific_novel,Approved,,"looks related to ex_landmine_press (Landmine Press) — rule ALIAS_EXISTING, VARIANT_OF_EXISTING or NEW_CANONICAL"
NEW_CANONICAL,,,,Approved integrated landmine lunge-to-press complex.,188,Landmine Reverse Lunge to Press,ex_landmine_reverse_lunge_to_press,REQUIRES_REVIEW,,variable_complex,variable_complex,Complex / specific / novel,complex_specific_novel,Approved,,"looks related to ex_landmine_press (Landmine Press) — rule ALIAS_EXISTING, VARIANT_OF_EXISTING or NEW_CANONICAL"
NEW_CANONICAL,,,,Approved for PIVOT V1 canonical vocabulary.,189,Half-Kneeling Cable Chop to Press,ex_half_kneeling_cable_chop_to_press,NEW_CANONICAL,,variable_complex,variable_complex,Complex / specific / novel,complex_specific_novel,Approved,,no existing exercise resembles this
DUPLICATE_CANDIDATE,,,,Duplicate of approved Renegade Row + Push-Up. Keep one canonical combination only.,190,Push-Up to Renegade Row,ex_push_up_to_renegade_row,NEW_CANONICAL,,variable_complex,variable_complex,Complex / specific / novel,complex_specific_novel,Approved,,no existing exercise resembles this
VARIANT_OF_EXISTING,ex_push_up,,ex_push_up,Push-up family variant with anti-rotation shoulder-tap demand.,191,Push-Up + Shoulder Tap,ex_push_up_shoulder_tap,NEW_CANONICAL,,variable_complex,variable_complex,Complex / specific / novel,complex_specific_novel,Approved,,no existing exercise resembles this
NEW_CANONICAL,,,,Approved for PIVOT V1 canonical vocabulary.,192,Plank Jack,ex_plank_jack,NEW_CANONICAL,,variable_complex,variable_complex,Complex / specific / novel,complex_specific_novel,Approved,,no existing exercise resembles this
NEW_CANONICAL,,,,Approved for PIVOT V1 canonical vocabulary.,193,Mountain Climber,ex_mountain_climber,NEW_CANONICAL,,variable_complex,variable_complex,Complex / specific / novel,complex_specific_novel,Approved,,no existing exercise resembles this
NEW_CANONICAL,,,,Approved for PIVOT V1 canonical vocabulary.,194,Cross-Body Mountain Climber,ex_cross_body_mountain_climber,NEW_CANONICAL,,variable_complex,variable_complex,Complex / specific / novel,complex_specific_novel,Approved,,no existing exercise resembles this
VARIANT_OF_EXISTING,ex_bear_crawl,,ex_bear_crawl,Bear-crawl family variant with added anti-rotation demand.,195,Bear Crawl Shoulder Tap,ex_bear_crawl_shoulder_tap,NEW_CANONICAL,,variable_complex,variable_complex,Complex / specific / novel,complex_specific_novel,Approved,,no existing exercise resembles this
NEW_CANONICAL,,,,Approved for PIVOT V1 canonical vocabulary.,196,Suitcase March,ex_suitcase_march,NEW_CANONICAL,,variable_complex,variable_complex,Complex / specific / novel,complex_specific_novel,Approved,,no existing exercise resembles this
NEW_CANONICAL,,,,Approved generic front-rack march; equipment-specific marches remain separate.,197,Front-Rack March,ex_front_rack_march,REQUIRES_REVIEW,,variable_complex,variable_complex,Complex / specific / novel,complex_specific_novel,Approved,,"looks related to ex_sandbag_front_rack_march (Sandbag Front Rack March) — rule ALIAS_EXISTING, VARIANT_OF_EXISTING or NEW_CANONICAL"
NEW_CANONICAL,,,,Approved for PIVOT V1 canonical vocabulary.,198,Overhead March,ex_overhead_march,NEW_CANONICAL,,variable_complex,variable_complex,Complex / specific / novel,complex_specific_novel,Approved,,no existing exercise resembles this
NEW_CANONICAL,,,,Approved. Explicit source correction: progression_class=accessory_anchor.,199,Arnold Press,ex_arnold_press,NEW_CANONICAL,,developmental,developmental,Foundational / repeatable,foundational_repeatable,Approved,,no existing exercise resembles this
NEW_CANONICAL,,,,Approved. Explicit source correction: progression_class=accessory_anchor.,200,Preacher Curl,ex_preacher_curl,NEW_CANONICAL,,anchor,anchor,Foundational / repeatable,foundational_repeatable,Approved,,no existing exercise resembles this
NEW_CANONICAL,,,,Approved. Explicit source correction: progression_class=accessory_anchor.,201,Cable Lateral Raise,ex_cable_lateral_raise,NEW_CANONICAL,,anchor,anchor,Foundational / repeatable,foundational_repeatable,Approved,,no existing exercise resembles this
NEW_CANONICAL,,,,"Approved. Explicit source correction: progression_class=accessory_anchor; it is progressively overloadable accessory strength, not capability anchor evidence.",202,Nordic Hamstring Curl,ex_nordic_hamstring_curl,NEW_CANONICAL,,developmental,developmental,Foundational / repeatable,foundational_repeatable,Approved,,no existing exercise resembles this
NEW_CANONICAL,,,,Approved. Explicit source correction: progression_class=accessory_anchor.,203,Single-Leg Calf Raise,ex_single_leg_calf_raise,NEW_CANONICAL,,developmental,developmental,Foundational / repeatable,foundational_repeatable,Approved,,no existing exercise resembles this
VARIANT_OF_EXISTING,ex_cable_row,,ex_cable_row,Unilateral cable-row variant; separate canonical/history.,204,Single-Arm Cable Row,ex_single_arm_cable_row,REQUIRES_REVIEW,,developmental,developmental,Foundational / repeatable,foundational_repeatable,Approved,,"looks related to ex_cable_row (Cable Row) — rule ALIAS_EXISTING, VARIANT_OF_EXISTING or NEW_CANONICAL"
VARIANT_OF_EXISTING,ex_cable_row,,ex_cable_row,Half-kneeling cable-row variant; separate canonical/history.,205,Half-Kneeling Cable Row,ex_half_kneeling_cable_row,REQUIRES_REVIEW,,developmental,developmental,Athletic / power / plyometric,athletic_power_plyometric,Approved,,"looks related to ex_cable_row (Cable Row) — rule ALIAS_EXISTING, VARIANT_OF_EXISTING or NEW_CANONICAL"
NEW_CANONICAL,,,,Approved for PIVOT V1 canonical vocabulary.,206,Single-Arm Cable Press,ex_single_arm_cable_press,NEW_CANONICAL,,developmental,developmental,Athletic / power / plyometric,athletic_power_plyometric,Approved,,no existing exercise resembles this
VARIANT_OF_EXISTING,ex_push_up,,ex_push_up,Push-up family mobility/strength variant.,207,Push-Up to Down Dog,ex_push_up_to_down_dog,NEW_CANONICAL,,variable_complex,variable_complex,Complex / specific / novel,complex_specific_novel,Approved,,no existing exercise resembles this
NEW_CANONICAL,,,,Approved for PIVOT V1 canonical vocabulary.,208,Half Turkish Get-Up,ex_half_turkish_get_up,NEW_CANONICAL,,developmental,developmental,Athletic / power / plyometric,athletic_power_plyometric,Approved,,no existing exercise resembles this
NEW_CANONICAL,,,,Approved for PIVOT V1 canonical vocabulary.,209,Single-Arm Front-Rack Carry,ex_single_arm_front_rack_carry,NEW_CANONICAL,,developmental,developmental,Athletic / power / plyometric,athletic_power_plyometric,Approved,,no existing exercise resembles this
VARIANT_OF_EXISTING,ex_sandbag_carry,,ex_sandbag_carry,Sandbag-carry family variant with specific loading position.,210,Bear-Hug Sandbag Carry,ex_bear_hug_sandbag_carry,REQUIRES_REVIEW,,developmental,developmental,Athletic / power / plyometric,athletic_power_plyometric,Approved,,"looks related to ex_sandbag_carry (Sandbag Carry) — rule ALIAS_EXISTING, VARIANT_OF_EXISTING or NEW_CANONICAL"
VARIANT_OF_EXISTING,ex_step_up,,ex_step_up,Step-up family variant with knee-drive/balance demand.,211,DB Step-Up to Knee Drive,ex_db_step_up_to_knee_drive,NEW_CANONICAL,,developmental,developmental,Athletic / power / plyometric,athletic_power_plyometric,Approved,,no existing exercise resembles this
VARIANT_OF_EXISTING,ex_step_up,,ex_step_up,Step-up family variant with frontal-plane balance demand.,212,Lateral Step-Up to Balance,ex_lateral_step_up_to_balance,NEW_CANONICAL,,developmental,developmental,Athletic / power / plyometric,athletic_power_plyometric,Approved,,no existing exercise resembles this
VARIANT_OF_EXISTING,ex_cable_row,,ex_cable_row,Split-stance cable-row variant; separate canonical/history.,213,Split-Stance Cable Row,ex_split_stance_cable_row,REQUIRES_REVIEW,,developmental,developmental,Athletic / power / plyometric,athletic_power_plyometric,Approved,,"looks related to ex_cable_row (Cable Row) — rule ALIAS_EXISTING, VARIANT_OF_EXISTING or NEW_CANONICAL"
